ADM1_NAME,ADM2_NAME,mean
Haryana,Karnal,0.510641560661878
Haryana,Kurukshetra,0.5209950790337738
Haryana,Mahendragarh,0.42755692622713437
Haryana,Sonepat,0.4770893836706024
Haryana,Kaithal,0.5129052440504451
Haryana,Panipat,0.48363462601265983
Haryana,Rewari,0.43021620899594176
Haryana,Yamuna Nagar,0.5458806422060575
Rajasthan,Bharatpur,0.41782472319297903
Rajasthan,Dhaulpur,0.39351671943342925
Jharkhand,Purba Singhbhum,0.5524194179447368
Uttar Pradesh,Gorakhpur,0.44213919986516453
Uttar Pradesh,Maharajganj,0.5235075983753439
Rajasthan,Kota,0.422897361047114
Rajasthan,Baran,0.4241551246683244
Meghalaya,East Khasi Hills,0.6251000636578636
Meghalaya,West Garo Hills,0.6918118465576159
Meghalaya,Ri-Bhoi,0.6909313810467919
Meghalaya,South Garo Hills,0.7031117314847277
Punjab,Patiala,0.5233589183562438
Punjab,Rupnagar,0.5367042445864827
Punjab,Fatehgarh Sahib,0.5384683792849726
West Bengal,Dakshin Dinajpur,0.5219321638298547
West Bengal,Uttar Dinajpur,0.5415950352460335
Haryana,Ambala,0.5168698844029245
Haryana,Panchkula,0.5543528578411604
Uttar Pradesh,Deoria,0.45651983456961176
Uttar Pradesh,Kushinagar,0.48114124772424255
Punjab,Bathinda,0.5135835819239988
Punjab,Hoshiarpur,0.5587008303987635
Punjab,Mansa,0.51179244833602
Punjab,Muktsar,0.5138102337335085
Punjab,Nawan Shehar,0.5352203052963486
Tripura,North Tripura,0.7043271637291058
Tripura,South Tripura,0.6884016502430533
Tripura,Dhalai,0.726039757865552
Uttar Pradesh,Hamirpur,0.4255184349021913
Uttar Pradesh,Mahoba,0.4224961346641747
Punjab,Faridkot,0.5175469046712128
Punjab,Moga,0.5303965699941016
Rajasthan,Jaipur,0.37034907057338134
Rajasthan,Udaipur,0.46825895508463644
Rajasthan,Dausa,0.4018618990381767
Rajasthan,Rajsamand,0.4370752226883816
Uttar Pradesh,Bahraich,0.4894961952920849
Uttar Pradesh,Faizabad,0.49248057077865265
Uttar Pradesh,Ambedkar Nagar,0.48089745520337734
Uttar Pradesh,Sant Ravi Das Nagar,0.4644433677589709
Uttar Pradesh,Shravasti,0.5128398364308397
Uttarakhand,Naini Tal,0.6585567653399835
Uttarakhand,Udham Singh Nagar,0.5588968011137121
Manipur,East Imphal,0.5682222475060786
Manipur,West Imphal,0.4754725783130024
Rajasthan,Sawai Madhopur,0.41044720768513987
Rajasthan,Karauli,0.3970509538627588
Uttar Pradesh,Aligarh,0.4805466421544417
Uttar Pradesh,Allahabad,0.4689411349033187
Uttar Pradesh,Banda,0.4303274386943663
Uttar Pradesh,Gonda,0.49657380988259125
Uttar Pradesh,Mathura,0.4572791785166473
Uttar Pradesh,Moradabad,0.5279068564723396
Uttar Pradesh,Varanasi,0.45786198767402264
Uttar Pradesh,Balrampur,0.5088996702446978
Uttar Pradesh,Chandauli,0.47512512989972827
Uttar Pradesh,Chitrakoot,0.4664795692486069
Uttar Pradesh,Hathras,0.46037203961913636
Uttar Pradesh,Jyotiba Phule Nagar,0.5372392986459341
Uttar Pradesh,Kaushambi,0.46185881377224863
Gujarat,Bharuch,0.39785990031296986
Gujarat,Junagadh,0.47043619973047635
Gujarat,Kheda,0.4843885795779128
Gujarat,Anand,0.478768251430254
Gujarat,Dahod,0.44532882120615896
Gujarat,Narmada,0.4476907043588148
Gujarat,Panch Mahals,0.4811592897548201
Gujarat,Porbandar,0.36610919809450804
Haryana,Hisar,0.4487970471882124
Haryana,Rohtak,0.45216361160072155
Haryana,Fatehabad,0.5069103327509191
Haryana,Jhajjar,0.4322719351560992
Maharashtra,Nandurbar,0.4329180986018001
Nagaland,Kohima,0.7207090035897613
Nagaland,Dimapur,0.6827118838568665
Rajasthan,Ganganagar,0.3003002054088913
Rajasthan,Hanumangarh,0.3055075707868566
Chhattisgarh,Bilaspur,0.5031233153610883
Chhattisgarh,Jashpur,0.5042615380579978
Chhattisgarh,Kawardha,0.5167923602666001
Chhattisgarh,Korba,0.5217038158545153
Chhattisgarh,Koriya,0.5288995491215638
Chhattisgarh,Surguja,0.5154409571723543
Madhya Pradesh,Hoshangabad,0.5065055162359939
Madhya Pradesh,Jabalpur,0.4768121892224269
Madhya Pradesh,Mandla,0.48376787373740504
Madhya Pradesh,Mandsaur,0.403637522976596
Madhya Pradesh,Morena,0.4136912691629602
Madhya Pradesh,Rajgarh,0.43769639579482894
Madhya Pradesh,West Nimar,0.42943720727251605
Madhya Pradesh,Barwani,0.3989068690339626
Madhya Pradesh,Dindori,0.5045789314467739
Madhya Pradesh,Harda,0.482961166149421
Madhya Pradesh,Katni,0.4835065533006131
Madhya Pradesh,Neemuch,0.41414071375656725
Madhya Pradesh,Sheopur,0.43813409170654377
Madhya Pradesh,Umaria,0.5081411010897869
Uttar Pradesh,Basti,0.4679341248294513
Uttar Pradesh,Bulandshahr,0.5113006089569001
Uttar Pradesh,Etawah,0.468334498622027
Uttar Pradesh,Farrukhabad,0.45519968218556195
Uttar Pradesh,Meerut,0.5259842634215542
Uttar Pradesh,Auraiya,0.454095409378999
Uttar Pradesh,Baghpat,0.5131543795567804
Uttar Pradesh,Gautam Buddha Nagar,0.4148627029568392
Uttar Pradesh,Kannauj,0.4614903913235659
Uttar Pradesh,Sant Kabir Nagar,0.462932620112436
Uttarakhand,Pithoragarh,0.33504226314522434
Uttarakhand,Almora,0.6065087502771408
Uttarakhand,Bageshwar,0.5141815030684567
Uttarakhand,Chamoli,0.3175260894119911
Uttarakhand,Champawat,0.6507662677896403
Uttarakhand,Rudra Prayag,0.45225267109954737
Mizoram,Aizawl,0.7704728375463378
Mizoram,Lunglei,0.7777084908103755
Mizoram,Champhai,0.7321255644904501
Mizoram,Kolasib,0.7838548026324454
Mizoram,Mamit,0.7854536571806503
Mizoram,Saiha,0.7529842838923146
Mizoram,Serchhip,0.763671374701026
Bihar,Bhagalpur,0.4205008497534092
Bihar,Munger,0.43893022862804953
Bihar,Rohtas,0.4938489743535043
Bihar,Saharsa,0.48798087383282607
Bihar,Sitamarhi,0.49295374362808925
Bihar,Banka,0.473087993358807
Bihar,Bhabua,0.4936329947326686
Bihar,Bhojpur,0.4505195853591408
Bihar,Buxar,0.462293717261543
Bihar,Jamui,0.46726457704121904
Bihar,Lakhisarai,0.4666370240165551
Bihar,Sheikhpura,0.4749308613591925
Bihar,Sheohar,0.49847888590251277
Bihar,Supaul,0.5111955228991615
Jharkhand,Bokaro,0.5051893830097685
Jharkhand,Chatra,0.5323618604258534
Jharkhand,Garhwa,0.5263946565303427
Jharkhand,Giridih,0.45573576682172395
Jharkhand,Hazaribag,0.5019143710374583
Jharkhand,Koderma,0.5168319280445184
Jharkhand,Pakur,0.5082323159611597
Jharkhand,Sahibganj,0.5124090776832688
Gujarat,Banas Kantha,0.4350485162984891
Gujarat,Mahesana,0.46003485753911405
Gujarat,Patan,0.35871527956464455
Jharkhand,Dumka,0.5054783440281108
Jharkhand,Gumla,0.4911767337973793
Jharkhand,Jamtara,0.4636302906009562
Jharkhand,Latehar,0.5676779297774008
Jharkhand,Palamu,0.5202095214507227
Jharkhand,Pashchim Singhbhum,0.5695100944242907
Jharkhand,Saraikela Kharsawan,0.5087770464252468
Jharkhand,Simdega,0.49575368390165414
West Bengal,West Midnapore,0.5471872169387342
Madhya Pradesh,East Nimar,0.39728488227778547
Madhya Pradesh,Guna,0.44182640016584707
Madhya Pradesh,Shahdol,0.47738919156441767
Madhya Pradesh,Anuppur,0.4712654411208572
Madhya Pradesh,Ashoknagar,0.43655076256005576
Andaman and Nicobar,Andaman Islands,0.7202362721430063
Andaman and Nicobar,Nicobar Islands,0.6466236052941178
Assam,Barpeta,0.4837838654093525
Assam,Cachar,0.6665863678998469
Assam,Darrang,0.5098241960485894
Assam,Dhuburi,0.458823356712384
Assam,Dibrugarh,0.47814316526928785
Assam,Goalpara,0.49587642486444833
Assam,Golaghat,0.5292134244835481
Assam,Kamrup,0.5646811323604877
Assam,Karbi Anglong,0.717277341807587
Assam,Karimganj,0.6343956960270878
Assam,Nagaon,0.5640971379152732
Assam,Nalbari,0.544102599778602
Assam,North Cachar Hills,0.7459859032710406
Assam,Sibsagar,0.5948231705791274
Assam,Sonitpur,0.4933766865219078
Assam,Bongaigaon,0.5699408870906405
Assam,Dhemaji,0.49917223406855593
Assam,Hailakandi,0.6602203367197264
Assam,Jorhat,0.5121588307913393
Assam,Kokrajhar,0.6131700676603389
Assam,Lakhimpur,0.5462071185346334
Assam,Marigaon,0.4788681932684317
Assam,Tinsukia,0.6274602129188075
Delhi,Delhi,0.3625472235679012
Gujarat,Ahmadabad,0.35463348677481255
Gujarat,Amreli,0.4228255112532414
Gujarat,Bhavnagar,0.39826705936037193
Gujarat,Gandhinagar,0.46830496909246244
Gujarat,Jamnagar,0.34759144789334495
Gujarat,Kachchh,0.24464215500499462
Gujarat,Rajkot,0.39052537930343734
Gujarat,Sabar Kantha,0.48600880937787394
Gujarat,Surendranagar,0.37381465030388566
Gujarat,Vadodara,0.47644604025126963
Haryana,Bhiwani,0.41585808202935703
Haryana,Gurgaon,0.41762746788210164
Haryana,Jind,0.5005063470895219
Haryana,Sirsa,0.4738238827862407
Haryana,Faridabad,0.454612635497723
Himachal Pradesh,Bilaspur,0.5977698561764527
Himachal Pradesh,Chamba,0.3930426671947596
Himachal Pradesh,Hamirpur,0.6388029851946238
Himachal Pradesh,Kangra,0.5270216973594708
Himachal Pradesh,Kinnaur,0.12135258685312737
Himachal Pradesh,Kullu,0.36534188866008405
Himachal Pradesh,Lahul and Spiti,0.019764226974499824
Himachal Pradesh,Mandi,0.6375836979181035
Himachal Pradesh,Shimla,0.5599785046383277
Himachal Pradesh,Sirmaur,0.6147281425584968
Himachal Pradesh,Solan,0.6234469060624898
Himachal Pradesh,Una,0.5969160350193093
Manipur,Bishnupur,0.4732973467744943
Manipur,Chandel,0.6995099949585266
Manipur,Churachandpur,0.7501169458300567
Manipur,Senapati,0.6555980508236843
Manipur,Tamenglong,0.7602043082726431
Manipur,Thoubal,0.49802135873383324
Manipur,Ukhrul,0.6982174830047262
Meghalaya,East Garo Hills,0.7123594568241796
Meghalaya,Jaintia Hills,0.6498419510261372
Meghalaya,West Khasi Hills,0.6637651434494525
Mizoram,Lawngtlai,0.7531128802140534
Nagaland,Mokokchung,0.7559582650339904
Nagaland,Mon,0.7285796146739821
Nagaland,Phek,0.6899885818152458
Nagaland,Tuensang,0.6997406702084408
Nagaland,Wokha,0.7641071129413574
Nagaland,Zunheboto,0.7343937011774787
Orissa,Sundargarh,0.5282715559710216
Punjab,Amritsar,0.5249088802128219
Punjab,Firozpur,0.5053906091783611
Punjab,Gurdaspur,0.5514840922504313
Punjab,Jalandhar,0.5257833772843263
Punjab,Kapurthala,0.5287904700769747
Punjab,Ludhiana,0.5147722213862673
Punjab,Sangrur,0.5355112220311973
Rajasthan,Ajmer,0.3755464283699927
Rajasthan,Alwar,0.42946519879760725
Rajasthan,Banswara,0.43178221910659514
Rajasthan,Barmer,0.19518236197048763
Rajasthan,Bhilwara,0.40973116651249397
Rajasthan,Bikaner,0.16742976200167906
Rajasthan,Bundi,0.4165108125791406
Rajasthan,Chittaurgarh,0.44264333947506174
Rajasthan,Churu,0.23165073159676167
Rajasthan,Dungarpur,0.4326895976839337
Rajasthan,Jaisalmer,0.12932385331094226
Rajasthan,Jalor,0.31496843229466526
Rajasthan,Jhalawar,0.4325961387565012
Rajasthan,Jhunjhunun,0.3503548505275792
Rajasthan,Jodhpur,0.23662483047591518
Rajasthan,Nagaur,0.28827111406901834
Rajasthan,Pali,0.35053817459770537
Rajasthan,Sikar,0.347164241866765
Rajasthan,Sirohi,0.4160367828493776
Rajasthan,Tonk,0.3833367193939749
Sikkim,East,0.5702936409957178
Sikkim,North Sikkim,0.22732939253802148
Sikkim,South Sikkim,0.599742411309769
Sikkim,West Sikkim,0.4837363569420052
Tripura,West Tripura,0.673907480616394
West Bengal,Bankura,0.527260055210846
West Bengal,Barddhaman,0.49133545957855645
West Bengal,Birbhum,0.4858206128599177
West Bengal,Darjiling,0.6352867995504957
West Bengal,Haora,0.5201147980905119
West Bengal,Hugli,0.5408832390860994
West Bengal,Jalpaiguri,0.597199976409358
West Bengal,Kochbihar,0.5391930701116276
West Bengal,Maldah,0.5057595753568055
West Bengal,Murshidabad,0.5016300858625828
West Bengal,Nadia,0.561294405917616
West Bengal,Puruliya,0.5020912978619202
West Bengal,Kolkata,0.29651358364611147
West Bengal,North 24 Parganas,0.4951864619499317
West Bengal,South 24 Parganas,0.4818303474709699
Arunachal Pradesh,East Siang,0.6032819327971164
Arunachal Pradesh,Lohit,0.664930347580643
Arunachal Pradesh,Lower Subansiri,0.7134268786217187
Arunachal Pradesh,Tirap,0.7321990633779069
Arunachal Pradesh,West Siang,0.7416537126744794
Arunachal Pradesh,Changlang,0.7019345585811322
Arunachal Pradesh,Lower Dibang Valley,0.6284916318036039
Arunachal Pradesh,Papum Pare,0.7130318359771181
Bihar,Aurangabad,0.46575814160076695
Bihar,Begusarai,0.42169356097614785
Bihar,Darbhanga,0.46173326714689245
Bihar,Gaya,0.4834174086002606
Bihar,Gopalganj,0.43717454811292017
Bihar,Jehanabad,0.47275288678648514
Bihar,Katihar,0.4920938378250793
Bihar,Khagaria,0.4412772384561917
Bihar,Madhubani,0.4875083076459657
Bihar,Madhepura,0.5351216351199459
Bihar,Muzaffarpur,0.46100867877508245
Bihar,Nalanda,0.48453932059170746
Bihar,Nawada,0.5007311460587971
Bihar,Pashchim Champaran,0.5011035811386767
Bihar,Patna,0.41839482743533635
Bihar,Purba Champaran,0.4595565599072895
Bihar,Purnia,0.5316975486433724
Bihar,Samastipur,0.45907700885164876
Bihar,Saran,0.42815226743359347
Bihar,Siwan,0.44254494709324843
Bihar,Vaishali,0.4254791956230212
Bihar,Araria,0.5396926925363263
Bihar,Kishanganj,0.5030602310014305
Chandigarh,Chandigarh,0.4506861768317686
Chhattisgarh,Raigarh,0.5004687463547227
Jharkhand,Deoghar,0.4618175667877149
Jharkhand,Godda,0.5113451118516018
Jharkhand,Lohardaga,0.517310270229758
Jharkhand,Ranchi,0.5002282958467558
Jharkhand,Dhanbad,0.49254685954107813
Madhya Pradesh,Balaghat,0.5527316182882288
Madhya Pradesh,Betul,0.4672385483561868
Madhya Pradesh,Bhind,0.4087993540909518
Madhya Pradesh,Bhopal,0.4477322919847313
Madhya Pradesh,Chhatarpur,0.4538472417663103
Madhya Pradesh,Chhindwara,0.47475127161487307
Madhya Pradesh,Damoh,0.44219692082454964
Madhya Pradesh,Datia,0.44856479145707934
Madhya Pradesh,Dewas,0.454357800696999
Madhya Pradesh,Dhar,0.41953923835092616
Madhya Pradesh,Gwalior,0.4240135666268259
Madhya Pradesh,Indore,0.4360976643532516
Madhya Pradesh,Jhabua,0.41928578527257926
Madhya Pradesh,Narsinghpur,0.48941238694809597
Madhya Pradesh,Panna,0.4568329428711009
Madhya Pradesh,Raisen,0.4583143413746063
Madhya Pradesh,Ratlam,0.43341949888707176
Madhya Pradesh,Rewa,0.46687308644369846
Madhya Pradesh,Sagar,0.4414548029860461
Madhya Pradesh,Satna,0.4697359532553239
Madhya Pradesh,Sehore,0.4571300102933882
Madhya Pradesh,Seoni,0.47067409379210395
Madhya Pradesh,Shajapur,0.4424771245386084
Madhya Pradesh,Shivpuri,0.4355008112532072
Madhya Pradesh,Sidhi,0.4913132825214968
Madhya Pradesh,Tikamgarh,0.4525098225444146
Madhya Pradesh,Ujjain,0.4476355567500402
Madhya Pradesh,Vidisha,0.44533395846363294
Uttar Pradesh,Agra,0.4405615000004749
Uttar Pradesh,Azamgarh,0.4639996500207116
Uttar Pradesh,Ballia,0.4250158718715815
Uttar Pradesh,Bara Banki,0.5015003941232804
Uttar Pradesh,Bareilly,0.5151841180294894
Uttar Pradesh,Bijnor,0.5540779906111405
Uttar Pradesh,Etah,0.4665689834041757
Uttar Pradesh,Fatehpur,0.4552770815144414
Uttar Pradesh,Ghaziabad,0.483045652730464
Uttar Pradesh,Ghazipur,0.4586841944293116
Uttar Pradesh,Hardoi,0.4851979316311814
Uttar Pradesh,Jalaun,0.4236637802600605
Uttar Pradesh,Jaunpur,0.4798390379791302
Uttar Pradesh,Jhansi,0.43491426247604176
Uttar Pradesh,Kanpur,0.4163279062786162
Uttar Pradesh,Lakhimpur Kheri,0.5282178844023517
Uttar Pradesh,Lalitpur,0.4470049614904918
Uttar Pradesh,Lucknow,0.47716908494760313
Uttar Pradesh,Mainpuri,0.4632691088206481
Uttar Pradesh,Mirzapur,0.4390127821917074
Uttar Pradesh,Muzaffarnagar,0.5478488845930504
Uttar Pradesh,Pilibhit,0.5476276823392378
Uttar Pradesh,Pratapgarh,0.4977972416454825
Uttar Pradesh,Rae Bareli,0.49026946450058834
Uttar Pradesh,Rampur,0.5358720762794349
Uttar Pradesh,Saharanpur,0.559626965143321
Uttar Pradesh,Shahjahanpur,0.5069553883150217
Uttar Pradesh,Sitapur,0.5082621253130397
Uttar Pradesh,Sultanpur,0.495235890903697
Uttar Pradesh,Unnao,0.46943578767145183
Uttar Pradesh,Badaun,0.4785247861348249
Uttar Pradesh,Firozabad,0.4405557652881433
Uttar Pradesh,Kanpur Dehat,0.45151492516201136
Uttar Pradesh,Mau,0.46030419364114067
Uttar Pradesh,Siddharth Nagar,0.4795870690673506
Uttar Pradesh,Sonbhadra,0.47021206455215425
Uttarakhand,Dehra Dun,0.6126486151049992
Uttarakhand,Pauri Garhwal,0.6342625130694116
Uttarakhand,Haridwar,0.5579297689131326
Uttarakhand,Tehri Garhwal,0.589729175660311
Uttarakhand,Uttarkashi,0.3959437893007352
Andhra Pradesh,Adilabad,0.5047471741883088
Andhra Pradesh,Anantapur,0.380229730453257
Andhra Pradesh,Chittoor,0.5112023632109445
Andhra Pradesh,Cuddapah,0.4471318620959025
Andhra Pradesh,East Godavari,0.5940287639633922
Andhra Pradesh,Guntur,0.489493752928063
Andhra Pradesh,Hyderabad,0.2840868429968824
Andhra Pradesh,Karimnagar,0.5052888237487784
Andhra Pradesh,Khammam,0.549854776202252
Andhra Pradesh,Krishna,0.5106152563750581
Andhra Pradesh,Kurnool,0.41378147900736634
Andhra Pradesh,Mahbubnagar,0.4216360616311438
Andhra Pradesh,Medak,0.45090828582890313
Andhra Pradesh,Nalgonda,0.45484391448433403
Andhra Pradesh,Nellore,0.46659182341842403
Andhra Pradesh,Nizamabad,0.476650792924175
Andhra Pradesh,Prakasam,0.45859593955642625
Andhra Pradesh,Rangareddi,0.43445712525599683
Andhra Pradesh,Srikakulam,0.5546287362138522
Andhra Pradesh,Vishakhapatnam,0.612689797757649
Andhra Pradesh,Vizianagaram,0.5784899240980652
Andhra Pradesh,Warangal,0.5248461308265748
Andhra Pradesh,West Godavari,0.558030247559137
Goa,North Goa,0.5846812676245124
Goa,South Goa,0.6144763765130508
Gujarat,Surat,0.45157093519813096
Gujarat,The Dangs,0.4923328776824808
Gujarat,Valsad,0.4876815852615406
Gujarat,Navsari,0.5175832362317698
Karnataka,Belgaum,0.4631303513113451
Karnataka,Bellary,0.3939140843086261
Karnataka,Bidar,0.43109009631235873
Karnataka,Bijapur,0.37224430136518855
Karnataka,Chikmagalur,0.5891831555931135
Karnataka,Dakshin Kannad,0.6698759982231351
Karnataka,Dharwad,0.4434899589112106
Karnataka,Gulbarga,0.410571564915651
Karnataka,Hassan,0.5231756103373181
Karnataka,Kodagu,0.6504687227424396
Karnataka,Kolar,0.4393600428831339
Karnataka,Mandya,0.5041654482882227
Karnataka,Mysore,0.5062352342189361
Karnataka,Raichur,0.4055068903501776
Karnataka,Shimoga,0.5657012531650455
Karnataka,Tumkur,0.44656788112138696
Karnataka,Uttar Kannand,0.6186877517070808
Karnataka,Bagalkot,0.4129682487621063
Karnataka,Bangalore Rural,0.48278780760718876
Karnataka,Bangalore Urban,0.4138285405208653
Karnataka,Chamrajnagar,0.5364307456426172
Karnataka,Chitradurga,0.3914715666062792
Karnataka,Davanagere,0.47066157003297604
Karnataka,Gadag,0.3728155569731362
Karnataka,Haveri,0.4524176566773645
Karnataka,Koppal,0.3717154781728522
Karnataka,Udupi,0.6321007887827734
Kerala,Kannur,0.6724917241334001
Kerala,Ernakulam,0.6350060286902665
Kerala,Idukki,0.6809750599049977
Kerala,Kasaragod,0.6618323937471379
Kerala,Kottayam,0.6787106495796016
Kerala,Kozhikode,0.6698941231925781
Kerala,Malappuram,0.6652798434410231
Kerala,Palakkad,0.6432253280618189
Kerala,Pattanamtitta,0.7080751005735874
Kerala,Kollam,0.6858248963884174
Kerala,Thrissur,0.6306135528699094
Kerala,Thiruvananthapuram,0.6946354094849719
Kerala,Wayanad,0.6615279983709548
Kerala,Alappuzha,0.5826769038228947
Lakshadweep,Kavaratti,0.49562054596889776
Maharashtra,Akola,0.44857750752941916
Maharashtra,Amravati,0.473391991926231
Maharashtra,Bhandara,0.4982680026043413
Maharashtra,Buldana,0.44485276078603275
Maharashtra,Chandrapur,0.5026381006909624
Maharashtra,Dhule,0.3943811435867163
Maharashtra,Garhchiroli,0.5651122929590879
Maharashtra,Jalgaon,0.4587926880530246
Maharashtra,Kolhapur,0.5140284186556604
Maharashtra,Latur,0.43852157708360373
Maharashtra,Nagpur,0.4753492123117956
Maharashtra,Nanded,0.480139894540478
Maharashtra,Nashik,0.4127814179773326
Maharashtra,Osmanabad,0.4059980677745919
Maharashtra,Pune,0.4352642878770119
Maharashtra,Raigarh,0.501643467129797
Maharashtra,Ratnagiri,0.5591429367909497
Maharashtra,Sindhudurg,0.581155017416067
Maharashtra,Sangli,0.4088800836610829
Maharashtra,Satara,0.4302664106174688
Maharashtra,Solapur,0.4034533680698598
Maharashtra,Thane,0.4632870896106954
Maharashtra,Wardha,0.4715258098512646
Maharashtra,Yavatmal,0.47645002363869626
Maharashtra,Aurangabad,0.4309234971748655
Maharashtra,Ahmednagar,0.4137739120004245
Maharashtra,Bid,0.42180787722238083
Maharashtra,Gondiya,0.5219990827186768
Maharashtra,Hingoli,0.4615243743749632
Maharashtra,Jalna,0.44210875285069273
Maharashtra,Mumbai Suburban,0.4031644587058388
Maharashtra,Mumbai city,0.2981506892761588
Maharashtra,Parbhani,0.4719297422388149
Maharashtra,Washim,0.44972482149314674
Orissa,Cuttack,0.5247145554452106
Orissa,Dhenkanal,0.5800118162213529
Orissa,Ganjam,0.6070504899484079
Orissa,Kalahandi,0.5626626737495243
Orissa,Keonjhar,0.5574484201679264
Orissa,Koraput,0.5293206187733185
Orissa,Mayurbhanj,0.5951696275325647
Orissa,Puri,0.47067634334129194
Orissa,Sambalpur,0.5614085957673886
Orissa,Angul,0.5744799109954501
Orissa,Baleshwar,0.5222355826628543
Orissa,Baragarh,0.5157271581093711
Orissa,Bhadrak,0.44189614894230056
Orissa,Bolangir,0.5210954647819733
Orissa,Boudh,0.5891360613447234
Orissa,Deogarh,0.5380264117577159
Orissa,Gajapati,0.6438280325288194
Orissa,Jagatsinghpur,0.4722352203767858
Orissa,Jajpur,0.5065849587235316
Orissa,Jharsuguda,0.42399860005668016
Orissa,Kandhamal,0.6467346953859112
Orissa,Kendrapara,0.4881252360318266
Orissa,Khordha,0.5393435352904666
Orissa,Malkangiri,0.5533994388870805
Orissa,Nabarangpur,0.480048315520201
Orissa,Nayagarh,0.6294919565100252
Orissa,Nuapada,0.5207444896730723
Orissa,Rayagada,0.6094970664055607
Orissa,Sonepur,0.51570641291502
Tamil Nadu,Thoothukudi,0.3999562207925294
Tamil Nadu,Coimbatore,0.5304336348799117
Tamil Nadu,Dharmapuri,0.523132963279149
Tamil Nadu,Virudhunagar,0.44137948509065206
Tamil Nadu,Kanniyakumari,0.6869273476389455
Tamil Nadu,Nilgiris,0.6471185202278712
Tamil Nadu,Erode,0.5177847268815778
Tamil Nadu,Pudukkottai,0.4545802166017089
Tamil Nadu,Dindigul,0.5430466451078481
Tamil Nadu,Ramanathapuram,0.3961308127582723
Tamil Nadu,Salem,0.5400774065607877
Tamil Nadu,Thanjavur,0.5243173834444146
Tamil Nadu,Sivaganga,0.45015402048733383
Tamil Nadu,Tiruchchirappalli,0.48101997694338444
Tamil Nadu,Tirunelveli Kattabo,0.49578903587692336
Tamil Nadu,Ariyalur,0.4972646957283831
Tamil Nadu,Chennai,0.3547958551341676
Tamil Nadu,Cuddalore,0.5123921586027783
Tamil Nadu,Kancheepuram,0.4928331845492261
Tamil Nadu,Karur,0.4257216272968395
Tamil Nadu,Madurai,0.5112084339984284
Tamil Nadu,Nagapattinam,0.4925345044052478
Tamil Nadu,Namakkal,0.515014156667168
Tamil Nadu,Perambalur,0.47293911035460945
Tamil Nadu,Theni,0.5796943742743008
Tamil Nadu,Thiruvallur,0.49589167206605694
Tamil Nadu,Tiruvannamalai,0.5419615490486616
Tamil Nadu,Vellore,0.5545728824550319
Tamil Nadu,Villupuram,0.5254982203953265
West Bengal,East Midnapore,0.4988726939923762
Chhattisgarh,Durg,0.4639197475617984
Chhattisgarh,Bastar,0.5383504269645596
Chhattisgarh,Dantewada,0.5966173195581845
Chhattisgarh,Dhamtari,0.5285591456063656
Chhattisgarh,Janjgir-Champa,0.42932840785703846
Chhattisgarh,Kanker,0.5340978710030774
Chhattisgarh,Mahasamund,0.47722133059123545
Chhattisgarh,Raipur,0.48351977276180474
Chhattisgarh,Raj Nandgaon,0.49651604002159466
Dadra and Nagar Haveli,Dadra and Nagar Haveli,0.46695502708104913
Daman and Diu,Daman,0.390948709167368
Daman and Diu,Junagadh,0.4725041439121686
Madhya Pradesh,Burhanpur,0.4540176729025057
Puducherry,Karaikal,0.5000205743520091
Puducherry,Mahe,0.604309765458183
Puducherry,Puducherry,0.5348407896836447
Puducherry,Yanam,0.46273031018039257
