V024,district_code,stunting_prev,underweight_prev,wasting_prev,mean_haz,mean_waz,mean_whz,n_children,is_aspirational
1,1,0.2322,0.2508,0.2167,-0.22556666666666667,-0.8562012987012987,-0.7534657039711191,323,0
1,2,0.2448,0.2028,0.1678,-0.4516479400749064,-0.6528102189781022,-0.38594377510040156,286,0
1,5,0.2442,0.1818,0.1481,-0.8067590027700832,-0.8569945355191257,-0.5358333333333334,385,0
1,6,0.2848,0.3065,0.2012,-1.011437908496732,-1.2642857142857142,-0.8503654485049834,323,0
1,7,0.1703,0.2198,0.1484,0.0021985815602837007,-0.3506962025316456,0.17216,182,0
1,8,0.2052,0.1618,0.1618,-0.36405144694533764,-0.719811320754717,-0.589635761589404,346,0
1,9,0.2189,0.1481,0.1145,-0.895,-0.7474999999999999,-0.24588477366255143,297,0
1,10,0.2954,0.1519,0.1646,-0.8983333333333333,-0.6250434782608695,-0.2726923076923077,237,0
1,11,0.1734,0.1965,0.2225,-0.5822929936305733,-0.8126605504587157,-0.525631067961165,346,0
1,12,0.1977,0.186,0.1202,-0.21334782608695652,-0.616694560669456,-0.02975369458128079,258,0
1,13,0.2116,0.3278,0.2863,-0.42869565217391303,-1.435397489539749,-1.179009433962264,241,0
1,14,0.252,0.268,0.212,-0.5248917748917749,-1.0375210084033615,-0.854375,250,0
1,15,0.2465,0.1424,0.0972,-0.6186799999999999,-0.2958518518518518,0.29008032128514055,288,0
1,16,0.297,0.1419,0.0858,-1.0568592057761732,-0.3901060070671378,0.2793703703703703,303,0
1,17,0.2312,0.1962,0.1371,-0.8163128491620112,-0.9704383561643835,-0.5391569767441861,372,0
1,18,0.25,0.1639,0.1967,-0.5034801762114538,-0.523862660944206,-0.16562499999999997,244,0
1,19,0.325,0.3107,0.1893,-1.3075806451612901,-1.3621969696969698,-0.70756,280,0
1,20,0.1639,0.1139,0.1167,-0.3115976331360947,-0.10521489971346705,0.21123123123123125,360,0
1,21,0.2552,0.1674,0.1548,-0.68125,-0.8194666666666667,-0.38666666666666666,239,0
1,22,0.2357,0.1414,0.1582,-0.42877862595419847,-0.5336131386861314,-0.2112109375,297,0
2,23,0.3732,0.2428,0.1377,-1.492107438016529,-1.178740157480315,-0.248298755186722,276,0
2,24,0.2381,0.2762,0.1714,-1.1135294117647059,-1.4420744680851065,-1.050949720670391,210,0
2,25,0.2431,0.1606,0.133,-0.7833689839572193,-0.9415625,-0.4397282608695652,218,0
2,26,0.3458,0.2477,0.1402,-1.6145408163265305,-1.17895,-0.29801020408163265,214,0
2,27,0.3133,0.2146,0.1803,-1.1556164383561645,-1.0701351351351351,-0.53,233,0
2,28,0.2469,0.216,0.1296,-1.2358783783783784,-1.3377124183006535,-0.8927210884353741,162,0
2,29,0.2198,0.2284,0.1164,-0.9459069767441861,-1.1361214953271028,-0.773921568627451,232,0
2,30,0.3862,0.3651,0.1111,-1.6167045454545457,-1.3856741573033708,-0.6189714285714285,189,0
2,31,0.2876,0.2275,0.1545,-1.2195544554455444,-1.3104326923076923,-0.6251530612244898,233,0
2,32,0.2791,0.227,0.1656,-1.100912052117264,-1.0813461538461537,-0.6787290969899665,326,0
2,33,0.269,0.1111,0.1345,-1.0869135802469136,-0.7348148148148148,-0.26393750000000005,171,0
2,34,0.2982,0.1754,0.0994,-1.215,-0.8775949367088607,-0.29980891719745223,171,0
3,36,0.22,0.172,0.112,-0.8875336322869956,-0.9073127753303966,-0.46926605504587154,250,0
3,37,0.2,0.1378,0.0844,-1.0856353591160222,-0.9080978260869565,-0.35204419889502764,225,0
3,38,0.1852,0.125,0.1111,-0.7094527363184079,-0.6525603864734301,-0.37457711442786074,216,0
3,39,0.1673,0.1102,0.1102,-0.5513478260869565,-0.5170338983050847,-0.18048034934497817,245,0
3,40,0.2783,0.1652,0.0652,-1.4827586206896552,-0.9239805825242718,-0.08625615763546798,230,0
3,41,0.1853,0.1034,0.0474,-0.9969270833333334,-0.64875,-0.09042105263157894,232,0
3,42,0.2,0.1529,0.1059,-0.8364444444444445,-0.8133478260869564,-0.4249777777777778,255,0
3,44,0.2996,0.2708,0.1191,-1.3449159663865544,-1.3220987654320986,-0.7444769874476987,277,0
3,45,0.2465,0.1831,0.0915,-1.215921568627451,-1.093088803088803,-0.4666274509803922,284,0
3,46,0.1913,0.1913,0.1261,-1.1565671641791044,-1.2618,-0.8459701492537313,230,0
3,47,0.3144,0.204,0.1104,-1.486,-1.184074074074074,-0.4936567164179105,299,0
3,48,0.1708,0.1542,0.0792,-0.9375490196078431,-1.031116504854369,-0.6345320197044335,240,0
3,49,0.1705,0.0969,0.0969,-0.7894117647058824,-0.5684444444444444,-0.20312217194570137,258,0
3,50,0.2164,0.1311,0.0951,-1.013421052631579,-0.8011524163568773,-0.24966037735849056,305,0
3,51,0.1402,0.1355,0.0841,-0.7126424870466321,-0.8306091370558375,-0.5734871794871795,214,0
3,52,0.2066,0.1818,0.0785,-1.2406091370558376,-1.0578680203045685,-0.5181443298969072,242,0
3,53,0.1882,0.149,0.0824,-1.045263157894737,-0.9925806451612904,-0.4919607843137255,255,0
3,54,0.2924,0.1398,0.072,-1.3948803827751197,-0.7603381642512078,-0.011853658536585364,236,0
3,879,0.3127,0.1787,0.0825,-1.4130232558139535,-1.1735658914728682,-0.46730468750000004,291,0
3,880,0.262,0.2077,0.1214,-1.216042402826855,-1.088206896551724,-0.47326388888888893,313,0
3,881,0.1905,0.1172,0.0733,-0.8016203703703704,-0.7183783783783784,-0.2924056603773585,273,0
3,882,0.1951,0.1016,0.0894,-0.6815668202764977,-0.4394090909090909,-0.08168224299065421,246,0
4,55,0.2184,0.1897,0.0862,-1.086474358974359,-1.0680769230769231,-0.6653548387096774,174,0
5,56,0.3094,0.2125,0.0875,-1.434175824175824,-1.2112056737588652,-0.5130797101449276,320,0
5,57,0.2971,0.1993,0.1377,-1.2860330578512398,-1.0881632653061226,-0.2884255319148936,276,0
5,58,0.2414,0.1129,0.0752,-1.0144781144781145,-0.8182274247491639,-0.3594256756756757,319,0
5,59,0.2708,0.1944,0.1181,-1.152781954887218,-1.0400738007380075,-0.42155893536121675,288,0
5,60,0.1633,0.1434,0.0677,-0.735191256830601,-0.7956451612903226,-0.40427777777777774,251,0
5,61,0.2751,0.164,0.1058,-1.186264367816092,-0.9649714285714286,-0.2860115606936416,189,0
5,62,0.2385,0.1885,0.1115,-1.1265,-1.0538333333333332,-0.36793991416309013,260,0
5,63,0.2135,0.1086,0.0712,-0.9379183673469388,-0.8605691056910568,-0.4025714285714286,267,0
5,64,0.2385,0.2064,0.1468,-1.0443842364532019,-1.1060098522167487,-0.6129292929292929,218,0
5,65,0.2219,0.1344,0.1062,-0.845296052631579,-0.7822801302931596,-0.2923154362416107,320,0
5,66,0.2258,0.1437,0.1261,-0.7086708860759494,-0.7667398119122257,-0.4077884615384615,341,0
5,67,0.2216,0.19,0.1082,-1.1036050156739812,-1.1166360856269113,-0.6729938271604938,379,0
5,68,0.2472,0.2051,0.1208,-1.230217391304348,-1.2323214285714286,-0.65309963099631,356,0
6,69,0.1749,0.1639,0.0984,-1.0750675675675676,-1.0363157894736843,-0.6129861111111111,183,0
6,70,0.2045,0.1169,0.0942,-0.869890909090909,-0.7722064056939502,-0.34431159420289853,308,0
6,71,0.2374,0.2077,0.1128,-1.0258389261744967,-1.0305882352941176,-0.5464163822525597,337,0
6,72,0.2011,0.181,0.1006,-1.108527397260274,-1.0619063545150502,-0.4460344827586207,348,0
6,73,0.2462,0.2348,0.1553,-1.208235294117647,-1.4161061946902656,-0.9758447488584475,264,0
6,74,0.2653,0.1989,0.0875,-1.1778097982708933,-1.1072752808988764,-0.4680654761904762,377,0
6,75,0.2192,0.1652,0.0871,-1.0908620689655173,-1.0253424657534245,-0.6396206896551725,333,0
6,76,0.2267,0.1267,0.0733,-0.996678445229682,-0.8250883392226148,-0.3478014184397163,300,0
6,77,0.2104,0.1909,0.0744,-1.1021722846441948,-1.1125650557620816,-0.6407142857142858,309,0
6,78,0.209,0.2315,0.1383,-1.0490000000000002,-1.3038970588235295,-0.9668283582089553,311,0
6,79,0.2222,0.2157,0.1176,-1.2027272727272726,-1.2964925373134328,-0.9116541353383458,153,0
6,80,0.2333,0.1758,0.1242,-1.260783582089552,-1.226557971014493,-0.726842105263158,330,0
6,82,0.2415,0.1871,0.1054,-1.25272,-1.1152173913043477,-0.5356224899598394,294,0
6,83,0.1548,0.1071,0.0714,-0.8752813852813853,-0.6864224137931034,-0.30291304347826087,252,0
6,84,0.2239,0.1429,0.0772,-1.252145922746781,-0.9548523206751055,-0.38685344827586204,259,0
6,85,0.2481,0.1977,0.0853,-1.1426609442060087,-0.9562869198312236,-0.2873593073593073,258,0
6,86,0.1711,0.1754,0.1228,-0.8273714285714285,-1.0994857142857142,-0.8234302325581395,228,0
6,87,0.3728,0.3234,0.1228,-1.6354991243432575,-1.5904145077720209,-0.7751075268817205,668,0
6,88,0.2776,0.1739,0.0736,-1.1880935251798561,-0.9233096085409253,-0.3080935251798561,299,0
6,89,0.2812,0.1938,0.0833,-1.309906976744186,-1.0442954545454546,-0.31911007025761123,480,0
6,865,0.2493,0.1869,0.0534,-1.3502758620689654,-1.170808080808081,-0.5819310344827586,337,0
6,866,0.2021,0.1429,0.0906,-1.1453305785123968,-1.1712757201646091,-0.7373443983402489,287,0
7,837,0.2891,0.218,0.109,-1.2802793296089385,-1.2463934426229508,-0.5883815028901734,211,0
7,838,0.3022,0.2537,0.1381,-1.3311637931034481,-1.2348945147679327,-0.5171555555555556,268,0
7,839,0.2251,0.1697,0.048,-1.2473611111111111,-0.991336405529954,-0.35174528301886787,271,0
7,840,0.2208,0.1526,0.0649,-1.1460754716981132,-0.9434328358208955,-0.3637121212121212,308,0
7,841,0.2843,0.1806,0.0669,-1.5239035087719297,-1.2216949152542373,-0.4259911894273128,299,0
7,842,0.2455,0.213,0.1047,-1.1121115537848605,-1.1183464566929133,-0.6389156626506024,277,0
7,843,0.2677,0.2416,0.1487,-1.169681818181818,-1.2956637168141594,-0.8132380952380952,269,0
7,844,0.2857,0.151,0.0735,-1.342608695652174,-0.8896682464454976,-0.17107317073170733,245,0
7,845,0.1861,0.1818,0.1169,-0.7648792270531402,-0.921367924528302,-0.49687830687830686,231,0
7,846,0.2418,0.1516,0.0943,-1.0548341232227487,-0.9212037037037036,-0.4063333333333333,244,0
7,847,0.2898,0.1592,0.0701,-1.4406949806949807,-1.0758490566037737,-0.32919230769230773,314,0
8,99,0.2251,0.2382,0.2042,-0.8548396501457726,-1.2155555555555555,-0.7427384615384615,382,0
8,100,0.2233,0.1893,0.1748,-0.6898157894736842,-1.0566237113402062,-0.8195956873315363,412,0
8,101,0.2082,0.2651,0.2242,-0.7606796116504855,-1.283352380952381,-0.9331790744466801,562,0
8,102,0.2264,0.2047,0.1417,-0.9890410958904109,-1.1080439560439561,-0.667925407925408,508,0
8,103,0.1846,0.1818,0.1212,-0.6362345679012346,-0.9083132530120482,-0.5492356687898089,363,0
8,104,0.2873,0.2083,0.1338,-1.3926455026455025,-1.3392987012987012,-0.7242592592592592,456,0
8,105,0.3532,0.2579,0.1052,-1.6014187643020596,-1.3295739910313902,-0.5688558352402746,504,0
8,106,0.4106,0.2885,0.1221,-1.6830357142857142,-1.5095348837209301,-0.5689285714285715,565,0
8,107,0.3369,0.3456,0.2354,-1.4188701923076923,-1.6825768321513004,-1.0158620689655173,463,0
8,108,0.2174,0.1981,0.1667,-0.8866167664670659,-1.2840117994100295,-0.8706230529595016,414,0
8,109,0.3417,0.3073,0.1835,-1.4976202531645568,-1.5883541147132167,-0.9115284974093265,436,0
8,110,0.2248,0.1835,0.1344,-1.0957803468208092,-1.1344057971014494,-0.6252958579881657,387,0
8,111,0.1982,0.1686,0.1116,-0.8276377952755906,-0.9125436408977556,-0.5348556430446194,439,0
8,112,0.2909,0.2404,0.1414,-0.9652242152466368,-1.1554385964912282,-0.726326530612245,495,0
8,113,0.3089,0.2443,0.1239,-1.2314179104477612,-1.2729562043795621,-0.5832386363636364,573,0
8,114,0.2376,0.2967,0.2217,-0.7905128205128205,-1.4327638190954775,-1.1363685152057246,627,0
8,115,0.3793,0.3073,0.1049,-1.5599841521394613,-1.52597503900156,-0.7043247588424437,667,0
8,116,0.3711,0.3191,0.1187,-1.6432264529058116,-1.5379296875,-0.6698214285714286,539,0
8,117,0.281,0.281,0.1452,-1.314140625,-1.3046272493573265,-0.6315303430079156,420,0
8,118,0.3439,0.3519,0.1693,-1.4413841807909604,-1.6422038567493114,-0.9892857142857143,378,0
8,119,0.2018,0.2139,0.1747,-0.8830272108843538,-1.2648160535117057,-0.900421052631579,332,0
8,120,0.2825,0.241,0.1496,-1.1346945337620578,-1.476225806451613,-0.7966202090592335,361,0
8,121,0.2745,0.2767,0.1699,-1.1951558752997602,-1.4698360655737706,-0.9351492537313433,459,0
8,122,0.2,0.2135,0.1486,-1.0940243902439024,-1.221909090909091,-0.8041795665634675,370,0
8,123,0.272,0.217,0.1429,-0.9614197530864198,-1.2796363636363637,-0.6992405063291139,364,0
8,124,0.3008,0.2431,0.1479,-1.468276762402089,-1.3566062176165803,-0.717597911227154,399,0
8,125,0.4053,0.3544,0.1553,-1.6379892761394104,-1.6614588859416446,-0.8219512195121952,412,0
8,126,0.2701,0.2299,0.1207,-1.2935472972972972,-1.3438538205980066,-0.7957482993197279,348,0
8,127,0.2653,0.2566,0.1895,-1.2147868852459016,-1.3932601880877742,-0.9022742474916388,343,0
8,128,0.4132,0.3736,0.1956,-1.5487469879518072,-1.677929411764706,-1.056560975609756,455,0
8,129,0.2993,0.3441,0.2394,-1.0997406340057638,-1.621132596685083,-1.2796745562130176,401,0
8,130,0.3205,0.2436,0.0769,-1.4281420765027324,-1.1838524590163935,-0.44702479338842976,390,0
8,131,0.253,0.2697,0.2053,-1.1587637362637364,-1.5303551912568307,-1.0163636363636364,419,0
9,132,0.2731,0.253,0.1888,-0.9835824175824175,-1.3561810154525387,-0.9097647058823529,498,0
9,134,0.3303,0.1995,0.0826,-1.5203636363636364,-1.266349614395887,-0.46549222797927464,436,0
9,136,0.3173,0.2596,0.1394,-1.5351044776119402,-1.5209763313609468,-0.864191616766467,416,0
9,137,0.3843,0.3235,0.1861,-1.5895384615384613,-1.6213282732447816,-0.7274485596707819,575,0
9,138,0.2919,0.2153,0.0828,-1.3971291866028708,-1.271145584725537,-0.6295192307692308,483,0
9,139,0.2132,0.2196,0.0832,-1.2113110539845757,-1.31264631043257,-0.6696765498652291,469,0
9,141,0.2007,0.1809,0.0954,-1.1721097046413502,-1.223360655737705,-0.8471966527196653,304,0
9,142,0.3061,0.2245,0.1163,-1.511219512195122,-1.3869323671497582,-0.6470123456790124,490,0
9,143,0.3053,0.2257,0.0907,-1.5097157622739017,-1.3723969072164948,-0.7279166666666667,452,0
9,144,0.3508,0.2209,0.1085,-1.5269213973799127,-1.213146551724138,-0.4210917030567686,516,0
9,145,0.2673,0.1869,0.0991,-1.1093231441048035,-1.1546304347826086,-0.5937330316742082,535,0
9,146,0.344,0.242,0.1361,-1.4852966101694913,-1.2935849056603772,-0.572510729613734,529,0
9,147,0.4,0.2233,0.0816,-1.6744570135746606,-1.3145190156599553,-0.3882284382284383,515,0
9,148,0.3841,0.2988,0.124,-1.7858215962441315,-1.5613824884792626,-0.693909952606635,492,0
9,150,0.3514,0.2687,0.1137,-1.7316442953020132,-1.549933774834437,-0.7702040816326531,387,0
9,151,0.342,0.3506,0.1753,-1.540927152317881,-1.6838834951456312,-0.9678451178451178,348,0
9,152,0.4028,0.3126,0.1462,-1.659321739130435,-1.5106206896551724,-0.6420350877192982,643,0
9,153,0.4069,0.3186,0.1344,-1.8751569506726455,-1.6065418502202644,-0.7760898876404495,521,0
9,154,0.3902,0.3103,0.1506,-1.7768222222222223,-1.6313100436681223,-0.8403083700440529,551,0
9,155,0.3755,0.2906,0.1906,-1.5828378378378378,-1.5367316017316017,-0.7702914798206278,530,0
9,156,0.336,0.252,0.103,-1.3505714285714285,-1.1142153846153846,-0.36752380952380953,369,0
9,157,0.2778,0.2183,0.0992,-1.3490047393364928,-1.3066509433962263,-0.7151428571428572,252,0
9,159,0.4235,0.2799,0.125,-1.7796887966804977,-1.494765784114053,-0.6100208768267223,536,0
9,160,0.3528,0.2925,0.1773,-1.408270509977827,-1.4880125523012553,-0.816314606741573,547,0
9,161,0.3446,0.2156,0.1142,-1.4506413301662708,-1.3077494199535962,-0.5430714285714285,473,0
9,162,0.3389,0.2842,0.1621,-1.609402985074627,-1.4612652068126522,-0.5675634517766498,475,0
9,163,0.3393,0.2656,0.0915,-1.6677712609970676,-1.4994751381215468,-0.45645833333333335,448,0
9,164,0.2669,0.2423,0.1656,-0.8719767441860465,-1.1940000000000002,-0.7329199999999999,326,0
9,165,0.4275,0.3394,0.1736,-1.7712569832402234,-1.6625484764542935,-0.798356940509915,386,0
9,166,0.3743,0.3743,0.2199,-1.4820930232558138,-1.6370194986072424,-0.894264705882353,382,0
9,167,0.3942,0.3157,0.1642,-1.6314893617021275,-1.5548367346938776,-0.6842764578833693,548,0
9,168,0.4276,0.3333,0.1842,-1.853638613861386,-1.6932535885167463,-0.5938709677419355,456,0
9,169,0.3705,0.3088,0.2131,-1.4237471783295712,-1.5534513274336283,-0.911627358490566,502,0
9,170,0.4342,0.443,0.2018,-1.7839588688946015,-1.8595098039215685,-0.7620980926430517,456,0
9,171,0.3991,0.3696,0.1995,-1.5528108108108107,-1.6887403598971722,-0.7714366197183099,441,0
9,172,0.4407,0.3445,0.1544,-1.8083684210526314,-1.65125,-0.7564550264550265,447,0
9,173,0.3037,0.2523,0.0911,-1.5986096256684492,-1.3928871391076116,-0.6669066666666666,428,0
9,174,0.3251,0.3004,0.1481,-1.656472081218274,-1.616180904522613,-0.9546700507614213,486,0
9,175,0.3047,0.2686,0.1151,-1.4295738636363635,-1.4681767955801106,-0.9294067796610169,443,0
9,176,0.3333,0.2626,0.1414,-1.5294723618090453,-1.466504854368932,-0.7177608142493638,495,0
9,177,0.2671,0.242,0.105,-1.3661764705882353,-1.2980263157894736,-0.7108870967741935,438,0
9,178,0.2594,0.246,0.1471,-1.3193610223642172,-1.3623492063492062,-0.9179742765273312,374,0
9,180,0.4188,0.3174,0.1162,-1.7740257352941178,-1.5366071428571428,-0.5527376425855514,671,0
9,181,0.4449,0.364,0.1757,-1.9048963317384369,-1.7765163297045101,-0.7807804878048781,717,0
9,182,0.3579,0.3278,0.197,-1.2479722703639515,-1.646166950596252,-0.9153658536585365,665,0
9,183,0.3947,0.2536,0.1063,-1.6297607655502393,-1.3174013921113688,-0.45169856459330143,489,0
9,184,0.3376,0.3392,0.2054,-1.030261780104712,-1.6430546075085324,-1.0233840304182509,628,0
9,185,0.3216,0.3606,0.2086,-1.2884901531728665,-1.67260593220339,-1.1687810383747177,513,0
9,186,0.3785,0.3207,0.1693,-1.4647345132743361,-1.4942548596112313,-0.8599772209567198,502,0
9,187,0.3447,0.3255,0.1809,-1.4101980198019803,-1.662378640776699,-1.0467506297229219,470,0
9,188,0.2544,0.2987,0.1925,-1.01573264781491,-1.6063157894736841,-1.1795956873315363,452,0
9,189,0.2726,0.334,0.2092,-1.1881333333333333,-1.6249358974358974,-1.1007061503416855,521,0
9,190,0.3092,0.3478,0.2271,-1.2878857142857143,-1.6774373259052926,-1.215128205128205,414,0
9,191,0.2824,0.2361,0.1157,-1.4494166666666666,-1.4386703601108033,-0.8503621169916433,432,0
9,192,0.2304,0.2801,0.1702,-0.8172753623188406,-1.4205382436260623,-0.9031132075471698,382,0
9,193,0.4125,0.4073,0.201,-1.568659217877095,-1.78175,-1.0581213872832371,383,0
9,194,0.371,0.2883,0.1351,-1.3645969498910675,-1.4834255319148937,-0.8182743362831859,496,0
9,195,0.3485,0.3508,0.2187,-1.235,-1.682772277227723,-1.0899462365591397,439,0
9,196,0.3279,0.2566,0.1405,-1.4377830188679246,-1.5464418604651164,-0.8315724815724815,491,0
9,197,0.3316,0.3472,0.1736,-1.3012777777777778,-1.6114402173913043,-0.9950295857988165,386,0
9,198,0.3671,0.2308,0.0787,-1.7815478615071283,-1.379475806451613,-0.48034412955465583,572,0
9,199,0.3662,0.2368,0.1031,-1.57521164021164,-1.3724155844155843,-0.5186559139784946,456,0
9,200,0.3434,0.4081,0.2182,-1.3779176201372998,-1.9083561643835616,-1.2803649635036496,495,0
9,201,0.4308,0.2768,0.1267,-1.7405077262693158,-1.5240692640692641,-0.5453846153846154,513,0
9,202,0.3874,0.3089,0.157,-1.7127845528455286,-1.612007874015748,-0.6327100840336135,586,0
9,921,0.296,0.274,0.162,-1.4382885085574573,-1.5477884615384616,-1.0218181818181817,500,0
9,922,0.4686,0.3932,0.1508,-1.9403614457831324,-1.8352559055118112,-0.729156378600823,557,0
9,923,0.2181,0.1852,0.1317,-1.1463350785340314,-1.229371727748691,-0.8193157894736841,243,0
9,924,0.2807,0.2532,0.1523,-1.2862111801242235,-1.2772709163346614,-0.5972162740899357,545,0
9,925,0.3122,0.2489,0.1572,-1.0718734793187348,-1.3697841726618707,-0.7721012658227848,458,0
9,926,0.2578,0.2387,0.1551,-1.2214722222222223,-1.318641304347826,-0.6843641618497109,419,0
9,927,0.4155,0.2606,0.1127,-1.7347733333333333,-1.399869109947644,-0.48604904632152585,426,0
9,928,0.4614,0.2677,0.1232,-1.8418647166361974,-1.4168297101449276,-0.481789667896679,609,0
9,929,0.2597,0.2326,0.1841,-1.000748898678414,-1.3358441558441558,-0.880593607305936,516,0
9,930,0.2749,0.2441,0.0924,-1.4421652421652422,-1.3402240896358544,-0.7219142857142857,422,0
10,203,0.3671,0.26,0.1052,-1.6358004640371229,-1.4745909090909093,-0.7232325581395349,523,0
10,204,0.4136,0.3289,0.1429,-1.8534833659491194,-1.6705019305019306,-0.8381728880157171,602,0
10,205,0.292,0.3655,0.2874,-1.20724043715847,-1.7157255936675462,-1.2762154696132597,435,0
10,206,0.445,0.34,0.13,-1.9855040322580644,-1.7454581673306773,-0.7998185483870968,600,0
10,207,0.3816,0.3229,0.1509,-1.6531654676258993,-1.5576190476190477,-0.8744819277108434,477,0
10,208,0.3678,0.3944,0.2201,-1.6307046979865771,-1.798892561983471,-1.1981787521079257,677,0
10,209,0.4253,0.4213,0.2027,-1.8805974842767295,-1.8786605783866057,-1.1044006309148264,750,0
10,210,0.321,0.3474,0.1993,-1.4357838983050848,-1.7287866108786611,-1.165845824411135,567,0
10,211,0.3682,0.3971,0.2106,-1.6091279069767441,-1.8612786259541985,-1.3338878143133461,622,0
10,212,0.3545,0.3964,0.1909,-1.6183333333333334,-1.8935152838427949,-1.3215812917594654,550,0
10,213,0.4131,0.3852,0.177,-1.69092936802974,-1.8264749536178109,-1.171484962406015,610,0
10,214,0.4007,0.3656,0.1703,-1.7165873015873014,-1.742085769980507,-1.0427911646586345,599,0
10,215,0.4105,0.3541,0.169,-1.6491422121896164,-1.7090625,-0.9645412844036698,497,0
10,216,0.3794,0.3249,0.1809,-1.599137168141593,-1.6195633187772926,-0.9517897091722595,514,0
10,217,0.3168,0.2754,0.1884,-1.319537037037037,-1.4797727272727272,-0.8632619047619048,483,0
10,218,0.3044,0.2623,0.1405,-1.3769164265129683,-1.413296089385475,-0.7854310344827585,427,0
10,219,0.3169,0.3807,0.235,-1.2469078947368422,-1.7995512820512822,-1.3228018223234626,549,0
10,220,0.3195,0.3373,0.1677,-1.4370422535211267,-1.5797078651685394,-0.9291162790697673,507,0
10,221,0.3869,0.3796,0.1807,-1.613726708074534,-1.752479674796748,-1.0783089770354906,548,0
10,222,0.3339,0.3286,0.1916,-1.2312576064908722,-1.567312859884837,-0.9771458333333334,569,0
10,223,0.3118,0.3338,0.2129,-1.3796172248803829,-1.7318238993710693,-1.244446227929374,728,0
10,224,0.3481,0.3694,0.1954,-1.5031726907630523,-1.7043359375,-1.0123373983739836,563,0
10,225,0.4155,0.4233,0.2369,-1.6897619047619046,-1.8977987421383649,-1.1445714285714286,515,0
10,226,0.3266,0.3522,0.2226,-1.3169072164948454,-1.6231663326653307,-1.124680412371134,548,0
10,227,0.3926,0.4167,0.2324,-1.6222887323943662,-1.828344827586207,-1.1915053763440862,624,0
10,228,0.4642,0.3387,0.1362,-1.9753195876288658,-1.6610999999999998,-0.5794154488517745,558,0
10,229,0.375,0.4142,0.2313,-1.6669344608879493,-1.8578028747433264,-1.150854700854701,536,0
10,230,0.3043,0.3524,0.2288,-1.1925260416666668,-1.681059431524548,-1.2742091152815012,437,0
10,231,0.3663,0.4103,0.2766,-1.2699183673469387,-1.817980198019802,-1.3443803418803417,546,0
10,232,0.3472,0.4226,0.2925,-1.42863539445629,-1.948701030927835,-1.3694736842105264,530,0
10,233,0.4018,0.427,0.2288,-1.7533062880324544,-1.8894234592445327,-1.1201028806584363,555,0
10,234,0.3566,0.3906,0.2453,-1.5134640522875815,-1.8325536480686695,-1.2485144124168515,530,0
10,235,0.3824,0.4647,0.2882,-1.4263304721030041,-1.9769957983193276,-1.303256880733945,510,0
10,236,0.4261,0.3911,0.2043,-1.6880786026200874,-1.7289721627408992,-0.9539051918735891,514,0
10,237,0.4635,0.3467,0.1533,-1.8292261904761904,-1.7034833659491193,-0.8536290322580645,548,0
10,238,0.3928,0.3519,0.1817,-1.5152747252747254,-1.6581541218637992,-1.0751762523191095,611,0
10,239,0.3752,0.4836,0.3269,-1.6020556745182013,-2.117637130801688,-1.5369162995594714,517,0
10,240,0.3901,0.4805,0.3174,-1.577085020242915,-2.058893280632411,-1.5174066390041494,564,0
11,241,0.2222,0.0944,0.0444,-1.1356129032258064,-0.3695031055900621,0.3349019607843137,180,0
11,242,0.259,0.1566,0.1566,-0.5405660377358491,-0.8368589743589744,-0.42448979591836733,166,0
11,243,0.2707,0.0902,0.0602,-1.0164754098360655,-0.5753543307086614,0.3433913043478261,133,0
11,244,0.1064,0.0851,0.0851,-0.5182978723404256,-0.6874747474747475,-0.3764705882352941,141,0
12,245,0.2832,0.0789,0.0573,-1.04328125,-0.14942084942084943,0.5998785425101214,279,0
12,246,0.2167,0.1527,0.197,-0.5085106382978724,-0.48826315789473684,-0.2140223463687151,203,0
12,247,0.3216,0.1231,0.1407,-1.1306925207756233,-0.6864931506849314,-0.028407821229050285,398,0
12,248,0.2233,0.11,0.0667,-0.7234099616858237,-0.42814545454545455,0.15245901639344264,300,0
12,249,0.3631,0.1762,0.0976,-1.0566379310344827,-0.6970165745856354,-0.04026627218934912,369,0
12,252,0.2768,0.1161,0.1027,-0.6275,-0.20651960784313722,0.2543684210526316,224,0
12,253,0.2248,0.2215,0.1564,-0.9625342465753425,-1.050810810810811,-0.6020138888888888,307,0
12,255,0.2986,0.0769,0.1041,-0.9340476190476191,-0.26393518518518516,0.21526829268292685,221,0
12,257,0.1634,0.1584,0.1584,-0.4475661375661376,-0.655958549222798,-0.32133333333333336,202,0
12,258,0.1236,0.0936,0.0712,-0.4982170542635659,-0.44306513409961684,-0.06106557377049181,267,0
12,260,0.2283,0.1507,0.1233,-0.46797101449275363,-0.5990952380952381,-0.34160804020100505,219,0
12,801,0.2107,0.0826,0.0702,-0.9124285714285714,-0.38843317972350233,0.17,242,0
12,802,0.2477,0.1355,0.0888,-0.7397969543147208,-0.36766169154228856,0.26518134715025904,214,0
12,803,0.2925,0.1415,0.1509,-1.0296410256410256,-0.6913930348258707,-0.29090000000000005,212,0
12,804,0.225,0.1188,0.1125,-0.8470422535211267,-0.6335034013605442,-0.13261648745519714,320,0
12,805,0.1333,0.12,0.1833,-0.047195571955719544,-0.5567025089605735,-0.5965298507462686,300,0
12,806,0.2775,0.1725,0.115,-1.1864973262032086,-1.0121259842519685,-0.38844919786096255,400,0
12,807,0.1982,0.0881,0.1057,-0.7477033492822966,-0.1887793427230047,0.16214285714285714,227,0
12,808,0.3487,0.1513,0.1283,-1.3456363636363637,-0.9444718309859156,-0.18274725274725276,304,0
12,809,0.2437,0.1424,0.1297,-0.6787162162162163,-0.49049668874172186,0.056451612903225805,316,0
13,261,0.3563,0.2389,0.0688,-1.2273839662447257,-1.110502092050209,-0.5131645569620253,247,0
13,262,0.3238,0.2524,0.1238,-1.1830348258706467,-1.1192039800995026,-0.5748743718592965,210,0
13,263,0.4417,0.4542,0.275,-1.3890350877192983,-1.6568995633187773,-1.2130180180180181,240,0
13,264,0.2273,0.2102,0.1989,-0.5092814371257485,-1.0129518072289156,-0.9601315789473684,176,0
13,265,0.2432,0.2432,0.2027,-1.127286432160804,-1.3110837438423644,-0.9109183673469388,222,0
13,266,0.262,0.147,0.099,-0.6689273356401384,-0.7609215017064846,-0.41500000000000004,313,0
13,267,0.3333,0.3181,0.2316,-0.9837569060773481,-1.2648533333333334,-0.8747138964577656,393,0
13,268,0.3259,0.2535,0.2006,-1.2275595238095238,-1.201386430678466,-0.6750304878048781,359,0
13,269,0.355,0.2544,0.0976,-1.5379470198675496,-1.1665245901639345,-0.40993220338983055,338,0
13,270,0.2872,0.2256,0.2256,-0.46383783783783783,-0.7772872340425532,-0.6702777777777779,195,0
13,271,0.3175,0.1866,0.0808,-1.4334638554216868,-1.121021021021021,-0.415969696969697,359,0
14,272,0.2343,0.1232,0.1159,-0.9059897172236504,-0.7440966921119593,-0.2639588688946016,414,0
14,273,0.2467,0.1857,0.0981,-0.9344827586206896,-1.0344602272727272,-0.5131486880466472,377,0
14,274,0.2284,0.1026,0.1212,-0.7712935323383084,-0.7019704433497537,-0.2877078085642317,429,0
14,275,0.1438,0.1094,0.0688,-0.7899659863945578,-0.8528523489932887,-0.5277397260273973,320,0
14,276,0.2965,0.1402,0.0782,-1.263903133903134,-0.8755492957746479,-0.24551428571428568,371,0
14,277,0.148,0.096,0.084,-0.5574261603375527,-0.6234309623430963,-0.35310638297872343,250,0
14,278,0.1703,0.1325,0.1041,-0.965859649122807,-1.0548611111111112,-0.7100348432055749,317,0
14,279,0.2519,0.136,0.0982,-1.1673463687150838,-0.9585405405405406,-0.39999999999999997,397,0
14,280,0.3114,0.1143,0.0686,-1.2668730650154798,-0.7716307692307692,0.014132492113564673,350,0
15,281,0.2654,0.1392,0.0744,-0.9281605351170568,-0.7331456953642383,-0.15996587030716722,309,0
15,282,0.3216,0.1316,0.0965,-1.1445565749235473,-0.661117824773414,-0.05012345679012346,342,0
15,283,0.1952,0.0717,0.0518,-0.9095544554455445,-0.32149038461538465,0.17671641791044773,251,0
15,284,0.2596,0.1277,0.1106,-1.012590909090909,-0.6331304347826087,0.013155555555555554,235,0
15,285,0.3043,0.1335,0.0714,-1.3138110749185667,-0.6560256410256411,0.09725165562913908,322,0
15,286,0.2533,0.1067,0.0933,-0.8938248847926268,-0.5919545454545454,-0.02344339622641509,225,0
15,287,0.2943,0.1571,0.1397,-0.9205367231638418,-0.8123641304347826,-0.37461756373937677,401,0
15,288,0.4038,0.168,0.0705,-1.5024624624624625,-0.8954310344827586,0.04458966565349544,369,0
16,291,0.4227,0.2618,0.1451,-1.8358108108108107,-1.245487012987013,-0.18104377104377103,317,0
16,914,0.219,0.281,0.2231,-0.8521973094170403,-1.337136563876652,-0.9002857142857142,242,0
16,915,0.4029,0.2233,0.1456,-1.758062827225131,-1.1256770833333334,-0.19978835978835982,206,0
16,916,0.2434,0.3021,0.2346,-0.5169055374592834,-1.5292452830188679,-0.9116304347826086,341,0
16,917,0.322,0.2034,0.1356,-1.3576388888888888,-1.0061818181818183,-0.24389423076923075,236,0
16,918,0.2244,0.2047,0.1417,-1.20390134529148,-1.213008849557522,-0.7977168949771689,254,0
16,919,0.2941,0.301,0.1834,-1.360148148148148,-1.421070110701107,-0.9737827715355806,289,0
16,920,0.2857,0.2116,0.1111,-1.1950555555555555,-1.0612154696132596,-0.31257309941520467,189,0
17,295,0.2938,0.2062,0.1719,-1.1659354838709677,-1.17384126984127,-0.7355629139072847,320,0
17,297,0.4012,0.267,0.1616,-1.5365898617511522,-1.4590672782874619,-0.7336307692307692,693,0
17,298,0.3948,0.2124,0.0901,-1.6397263681592038,-1.2143627450980392,-0.351150895140665,466,0
17,871,0.361,0.2493,0.1862,-1.5179510703363914,-1.2105571847507333,-0.509814241486068,349,0
17,872,0.4613,0.2241,0.0794,-1.8379034028540064,-1.3384789644012944,-0.3749612403100775,995,0
17,873,0.3239,0.1514,0.0986,-1.1634615384615385,-0.6195571955719558,-0.02827004219409283,284,0
17,874,0.3075,0.2671,0.1801,-1.2880066445182725,-1.3578864353312303,-0.6341216216216216,322,0
17,875,0.4794,0.2582,0.0977,-1.9378048780487807,-1.4247136563876652,-0.443765227021041,972,0
17,876,0.4007,0.2877,0.1438,-1.613238434163701,-1.3557894736842104,-0.542491103202847,292,0
17,877,0.445,0.2625,0.0862,-1.8244429347826085,-1.3840268456375837,-0.4555177111716622,800,0
17,878,0.5427,0.2899,0.0731,-2.070152091254753,-1.4603386641580431,-0.2885238095238095,1135,0
18,300,0.2972,0.322,0.1703,-1.298929889298893,-1.279896551724138,-0.6916923076923077,323,0
18,302,0.3623,0.3383,0.2096,-1.1124115755627009,-1.5269062500000001,-0.9396563573883161,334,0
18,303,0.2732,0.2535,0.1746,-0.9498456790123457,-1.1524778761061947,-0.6849363057324841,355,0
18,304,0.3858,0.294,0.1444,-1.6253644314868805,-1.4622159090909093,-0.6973293768545994,381,0
18,307,0.3679,0.3321,0.1679,-1.3381509433962264,-1.484888888888889,-0.8316342412451362,280,0
18,308,0.3355,0.2368,0.1579,-1.369595588235294,-1.2416842105263157,-0.6895970695970696,304,0
18,309,0.2898,0.2933,0.1908,-1.165375494071146,-1.4657915057915056,-1.0277822580645162,283,0
18,310,0.2563,0.3105,0.1949,-1.082007722007722,-1.382281368821293,-1.0590697674418605,277,0
18,313,0.2468,0.2468,0.1688,-1.0776190476190477,-1.36962441314554,-0.8625125628140703,231,0
18,315,0.2829,0.2112,0.2112,-0.9529004329004329,-0.9466249999999999,-0.4695495495495495,251,0
18,316,0.2646,0.3562,0.2672,-1.120655737704918,-1.6162566844919786,-1.1638040345821326,393,0
18,317,0.2654,0.5053,0.4119,-0.834874715261959,-2.2053691275167786,-1.9972911392405062,471,0
18,318,0.3753,0.3753,0.1909,-1.6922222222222223,-1.7685294117647057,-1.0321882951653945,461,0
18,319,0.3975,0.3385,0.1801,-1.7392753623188406,-1.6156105610561058,-0.6105281690140845,322,0
18,320,0.3901,0.3808,0.1734,-1.5688737201365188,-1.6561716171617162,-0.8675609756097561,323,0
18,321,0.1805,0.1767,0.1241,-0.5962719298245613,-0.922510460251046,-0.5872645739910314,266,0
18,322,0.2282,0.2476,0.1699,-0.9263736263736263,-1.0915625,-0.7519318181818182,206,0
18,323,0.2548,0.2548,0.1445,-1.2523673469387755,-1.3202380952380952,-0.7347736625514404,263,0
18,324,0.3796,0.3201,0.1473,-1.26728125,-1.5396696696696697,-0.5961794019933554,353,0
18,325,0.3812,0.2991,0.2287,-1.352671009771987,-1.3329968454258676,-0.8983050847457628,341,0
18,326,0.3022,0.3022,0.1871,-0.89852,-1.4580933852140079,-0.9417842323651452,278,0
18,810,0.39,0.3767,0.2367,-1.5071323529411764,-1.7760573476702508,-1.1448091603053434,300,0
18,811,0.3469,0.3247,0.2066,-1.4478008298755187,-1.580511811023622,-0.9221008403361345,271,0
18,812,0.4532,0.3596,0.1946,-1.753580901856764,-1.6330310880829015,-0.77433242506812,406,0
18,813,0.3626,0.2665,0.1209,-1.5252710843373494,-1.3383235294117646,-0.6669300911854102,364,0
18,814,0.3423,0.3077,0.1385,-1.5223144104803494,-1.410632911392405,-0.5602643171806168,260,0
18,815,0.2927,0.2622,0.1585,-1.2877483443708608,-1.3764193548387096,-0.8419594594594595,328,0
18,816,0.3403,0.2153,0.125,-1.3689219330855018,-1.0774545454545454,-0.6504705882352941,288,0
18,817,0.3616,0.3167,0.1771,-1.4990684931506848,-1.5160686015831135,-0.8225356125356125,401,0
18,818,0.239,0.247,0.1992,-1.0415966386554623,-1.3257201646090535,-0.99042194092827,251,0
18,819,0.3537,0.2109,0.119,-1.401904761904762,-1.2735144927536233,-0.5797014925373135,294,0
18,820,0.3477,0.2636,0.1614,-1.454726368159204,-1.2997877358490566,-0.5851861042183623,440,0
18,821,0.3671,0.2948,0.2052,-1.2108360128617364,-1.6093396226415093,-0.944107744107744,346,0
19,327,0.3234,0.3106,0.1957,-1.3481308411214954,-1.3780090497737558,-0.6957692307692308,235,0
19,328,0.2727,0.2438,0.1612,-1.1468888888888888,-1.2301739130434783,-0.7319907407407408,242,0
19,329,0.275,0.2156,0.1562,-1.1879729729729729,-1.2598333333333334,-0.7663573883161512,320,0
19,330,0.4225,0.3075,0.15,-1.6746505376344087,-1.4863446475195823,-0.5782972972972973,400,0
19,331,0.3127,0.2955,0.2165,-1.2784172661870503,-1.4757597173144876,-1.0093862815884478,291,0
19,332,0.3728,0.3259,0.1753,-1.6996542553191492,-1.5553246753246752,-0.8518449197860962,405,0
19,333,0.3698,0.3099,0.1484,-1.6175211267605634,-1.5097534246575341,-0.7399439775910365,384,0
19,334,0.3388,0.4022,0.2314,-1.6205988023952096,-1.755014409221902,-1.0584097859327217,363,0
19,336,0.2453,0.2311,0.1604,-1.0370854271356784,-1.0957,-0.6838144329896907,212,0
19,337,0.3158,0.2308,0.1296,-1.229875518672199,-1.1502880658436214,-0.44151898734177214,247,0
19,338,0.2727,0.3206,0.1866,-1.2735175879396985,-1.3256930693069309,-0.7101015228426397,209,0
19,339,0.2562,0.3264,0.2107,-1.3514427860696516,-1.741372549019608,-1.3377000000000001,242,0
19,340,0.3482,0.4473,0.2684,-1.4725694444444446,-1.9773287671232878,-1.4195373665480426,313,0
19,341,0.2692,0.265,0.1838,-0.9194977168949772,-1.2726315789473686,-0.7766037735849056,234,0
19,342,0.2414,0.3172,0.2483,-0.5857723577235772,-1.3962962962962964,-1.115546218487395,145,0
19,343,0.3322,0.302,0.1779,-1.3423684210526317,-1.4524372759856632,-0.7493486590038315,298,0
19,344,0.277,0.3669,0.2698,-1.3157438016528926,-1.7644000000000002,-1.345643153526971,278,0
19,345,0.2196,0.2667,0.1333,-1.0963677130044844,-1.4066371681415928,-0.991090909090909,255,0
19,931,0.361,0.3863,0.2347,-1.4678884462151394,-1.6766666666666665,-1.0351004016064258,277,0
19,932,0.3172,0.291,0.1828,-1.225,-1.3724,-0.9342323651452282,268,0
20,346,0.4273,0.3647,0.17,-1.7730597014925373,-1.749108910891089,-1.061592039800995,447,0
20,347,0.3613,0.3398,0.1484,-1.7278280542986426,-1.6554176072234763,-0.9131578947368422,512,0
20,348,0.315,0.2821,0.1557,-1.494639175257732,-1.5653061224489795,-0.9505578512396694,546,0
20,349,0.2768,0.3047,0.2339,-0.9652238805970149,-1.3908373205741626,-1.018510101010101,466,0
20,350,0.3664,0.3259,0.1538,-1.5743187066974595,-1.6094570135746606,-0.8705324074074073,494,0
20,351,0.3358,0.3552,0.2068,-1.4180232558139536,-1.6880229226361032,-1.0747633136094674,411,0
20,352,0.4254,0.3941,0.1713,-1.8506131078224102,-1.8310460251046026,-0.9987741935483871,543,0
20,353,0.4515,0.4537,0.2048,-1.9465346534653465,-1.9994540942928039,-1.2241057934508817,454,0
20,354,0.2528,0.2444,0.1333,-1.0638066465256797,-1.2534626865671643,-0.7854601226993865,360,0
20,355,0.3212,0.3,0.1848,-1.2510135135135136,-1.372843137254902,-0.8791496598639457,330,0
20,356,0.3958,0.4116,0.2401,-1.5498360655737706,-1.827896174863388,-1.16243553008596,379,0
20,357,0.3177,0.3755,0.2455,-1.1409881422924901,-1.7965758754863812,-1.240295358649789,277,0
20,358,0.3895,0.3352,0.1648,-1.6575574112734865,-1.660873180873181,-0.9746526315789473,534,0
20,359,0.3766,0.3723,0.1809,-1.6062328767123286,-1.6600000000000001,-0.9554128440366972,470,0
20,360,0.3142,0.2739,0.1322,-1.5418501170960188,-1.535,-0.8620374707259952,522,0
20,361,0.3134,0.3243,0.2125,-1.2389457831325301,-1.565267857142857,-1.0975460122699388,367,0
20,362,0.3377,0.4084,0.2461,-1.351374269005848,-1.7751296829971182,-1.2355988023952096,382,0
20,363,0.34,0.3857,0.1829,-1.706443661971831,-1.8284693877551021,-0.9775539568345324,350,0
20,364,0.2409,0.378,0.247,-0.891701388888889,-1.6836893203883494,-1.1273228346456692,328,0
20,365,0.3487,0.4211,0.2599,-1.2820652173913045,-1.9333568904593639,-1.1270799999999999,304,0
20,366,0.3465,0.354,0.1757,-1.6721529745042492,-1.6162666666666667,-0.6572881355932204,404,0
20,367,0.3864,0.3446,0.1958,-1.7162138728323701,-1.7273638968481375,-0.9738150289017341,383,0
20,368,0.5437,0.5778,0.2772,-2.197808857808858,-2.3329680365296803,-1.2317422434367542,469,0
20,369,0.3524,0.4254,0.2603,-1.410110294117647,-1.9427797833935017,-0.9341129032258064,315,0
21,370,0.3712,0.2882,0.1659,-1.4471559633027524,-1.5195,-0.8992924528301887,229,0
21,371,0.25,0.245,0.15,-1.2039890710382513,-1.2845652173913045,-0.8024861878453039,200,0
21,372,0.3799,0.345,0.2358,-1.7227358490566038,-1.824279069767442,-1.0583009708737863,229,0
21,373,0.2541,0.3074,0.2336,-1.1853271028037382,-1.6009954751131221,-1.1858215962441314,244,0
21,374,0.2749,0.2938,0.1706,-1.2557471264367817,-1.5693820224719102,-1.0683720930232559,211,0
21,375,0.3324,0.35,0.2206,-1.3055161290322579,-1.6561464968152866,-1.2032459016393442,340,0
21,376,0.346,0.4187,0.2491,-1.4439393939393939,-1.9439312977099237,-1.3146184738955822,289,0
21,377,0.2249,0.2129,0.1365,-0.9317748917748918,-1.0530042918454936,-0.74625,249,0
21,378,0.2819,0.2584,0.1342,-1.2672900763358779,-1.3907865168539324,-0.8312992125984252,298,0
21,379,0.2383,0.1532,0.0596,-1.0469117647058823,-0.8188625592417061,-0.2625757575757576,235,0
21,380,0.125,0.1094,0.099,-0.49826086956521737,-0.4671505376344086,-0.27348314606741575,192,0
21,381,0.1937,0.1832,0.1361,-0.8965000000000001,-1.04,-0.6514044943820225,191,0
21,382,0.2303,0.1974,0.1447,-0.9892700729927008,-1.1997101449275362,-0.8889138576779027,304,0
21,383,0.3071,0.2863,0.1992,-1.2134703196347032,-1.4033771929824563,-0.8072558139534883,241,0
21,384,0.2664,0.292,0.2299,-1.1081176470588234,-1.4871814671814672,-1.086482213438735,274,0
21,385,0.1937,0.1976,0.1028,-0.9566396761133603,-1.0383805668016195,-0.6672764227642277,253,0
21,386,0.159,0.1548,0.1172,-0.8069811320754717,-0.9033177570093458,-0.6220754716981132,239,0
21,387,0.1306,0.1081,0.0856,-0.49732057416267944,-0.529043062200957,-0.35129807692307696,222,0
21,388,0.2155,0.1684,0.0909,-1.1091791044776118,-0.9136802973977696,-0.371433962264151,297,0
21,389,0.4074,0.3266,0.1448,-1.8000735294117647,-1.5804710144927536,-0.6592279411764705,297,0
21,390,0.3201,0.336,0.2037,-1.4121813031161472,-1.6885793871866297,-1.060985507246377,378,0
21,391,0.3464,0.3643,0.1893,-1.4337878787878786,-1.6464150943396227,-1.08,280,0
21,392,0.2724,0.3223,0.2326,-1.0213718411552346,-1.4906049822064058,-1.0255471698113208,301,0
21,393,0.3011,0.3513,0.2222,-1.240546875,-1.6602298850574713,-1.0993061224489795,279,0
21,394,0.4038,0.3628,0.164,-1.7102749140893472,-1.6336486486486486,-0.8521276595744681,317,0
21,395,0.2975,0.3165,0.1646,-1.4196283783783783,-1.5394612794612796,-1.0041638225255973,316,0
21,396,0.409,0.3799,0.1504,-1.812840909090909,-1.7259269662921346,-0.9996306818181818,379,0
21,397,0.4075,0.4273,0.2203,-1.7400242130750605,-1.917156626506024,-1.0234170854271356,454,0
21,398,0.3994,0.3153,0.1441,-1.738599348534202,-1.6425242718446602,-0.8438360655737706,333,0
21,399,0.3969,0.3769,0.1729,-1.6990176322418136,-1.8449250000000001,-1.1225063938618924,451,0
22,400,0.2681,0.262,0.1446,-1.296993006993007,-1.5828125000000002,-1.1214590747330961,332,0
22,402,0.3204,0.2964,0.1527,-1.5296357615894038,-1.5909302325581396,-1.0075585284280937,334,0
22,403,0.344,0.2518,0.1348,-1.5643798449612403,-1.444396887159533,-0.7756470588235294,282,0
22,404,0.2617,0.2227,0.1172,-1.174278350515464,-1.0748756218905473,-0.7415706806282721,256,0
22,405,0.2762,0.2667,0.1968,-0.8622794117647059,-1.226101083032491,-0.8489494163424125,315,0
22,407,0.3441,0.2572,0.0997,-1.6663917525773198,-1.4000677966101693,-0.5449655172413793,311,0
22,408,0.2603,0.2877,0.1747,-1.3598496240601503,-1.5112177121771218,-0.9835955056179776,292,0
22,411,0.331,0.2359,0.1197,-1.4119140625,-1.3182945736434108,-0.6049003984063746,284,0
22,412,0.2803,0.2803,0.1553,-1.243781512605042,-1.3975502008032128,-0.8573221757322176,264,0
22,413,0.2222,0.3426,0.213,-1.0937435897435897,-1.5221739130434782,-1.0055555555555555,216,0
22,415,0.408,0.3764,0.2069,-1.6348089171974522,-1.6455108359133126,-0.9285396825396826,348,0
22,417,0.4692,0.4179,0.1744,-1.8827138643067847,-1.937891737891738,-1.089156976744186,390,0
22,822,0.3116,0.3163,0.1209,-1.3831155778894473,-1.4534825870646766,-0.6006629834254144,215,0
22,823,0.3314,0.2994,0.1657,-1.4369686411149827,-1.3963973063973065,-0.7182456140350877,344,0
22,824,0.2935,0.3351,0.187,-1.3887925696594428,-1.6606927710843373,-1.154203821656051,385,0
22,825,0.3644,0.3673,0.1545,-1.7961567164179104,-1.9026785714285714,-0.85288,343,0
22,826,0.3621,0.2674,0.1588,-1.5547800586510263,-1.4511884057971016,-0.7728070175438597,359,0
22,827,0.2211,0.2526,0.2035,-0.8708536585365854,-1.3441434262948206,-1.0987068965517242,285,0
22,828,0.3929,0.4137,0.1637,-1.7943356643356643,-1.8020588235294115,-0.6598214285714286,336,0
22,829,0.3593,0.2704,0.1481,-1.4930364372469636,-1.3898039215686273,-0.6866390041493775,270,0
22,830,0.2508,0.2049,0.1865,-0.7295438596491227,-0.9021594684385382,-0.48531135531135533,327,0
22,831,0.3412,0.3947,0.1988,-1.4011486486486486,-1.5153571428571428,-0.9193079584775087,337,0
22,832,0.2509,0.2581,0.1434,-1.3519642857142855,-1.4729130434782607,-0.9125675675675676,279,0
22,833,0.3065,0.3003,0.1858,-1.275117845117845,-1.322937293729373,-0.8472260273972603,323,0
22,834,0.3542,0.3385,0.1875,-1.5029376854599408,-1.4854178674351586,-0.843125,384,0
22,835,0.2768,0.322,0.1864,-1.3731003039513678,-1.648060606060606,-1.2546932515337423,354,0
22,836,0.2464,0.2607,0.1519,-1.2093898305084745,-1.4490969899665551,-1.027364864864865,349,0
23,418,0.3872,0.3296,0.1372,-1.8037958115183246,-1.7584020618556702,-0.971796875,452,0
23,419,0.3368,0.249,0.0837,-1.6492481203007519,-1.5094202898550724,-0.6988308457711443,478,0
23,420,0.2823,0.2581,0.1075,-1.485,-1.5268,-0.8977987421383647,372,0
23,421,0.3382,0.2794,0.0971,-1.6087188612099645,-1.5081597222222223,-0.7991958041958042,340,0
23,422,0.3241,0.2586,0.1448,-1.6033201581027667,-1.4849019607843137,-0.778976377952756,290,0
23,423,0.3323,0.3172,0.1571,-1.6646268656716419,-1.7380575539568346,-1.1508208955223882,331,0
23,424,0.2,0.2444,0.1444,-1.2763565891472868,-1.5558778625954197,-1.0873228346456694,180,0
23,425,0.3804,0.3016,0.1522,-1.798220064724919,-1.6460576923076924,-0.875771812080537,368,0
23,426,0.3797,0.3362,0.1913,-1.629,-1.6607432432432432,-0.8998606271777003,345,0
23,427,0.3559,0.3058,0.1303,-1.743392857142857,-1.641831395348837,-0.7557611940298508,399,0
23,428,0.3463,0.2798,0.1302,-1.6064686468646865,-1.5176065573770492,-0.8032996632996633,361,0
23,429,0.4439,0.2897,0.1542,-1.8156521739130433,-1.6012299465240643,-0.788415300546448,214,0
23,430,0.3219,0.277,0.1504,-1.242782874617737,-1.4493373493975903,-0.6832467532467532,379,0
23,431,0.4031,0.3385,0.1262,-1.8178350515463917,-1.6837710437710438,-0.7219928825622776,325,0
23,432,0.3017,0.2557,0.1207,-1.4627586206896552,-1.398167701863354,-0.7239432176656152,348,0
23,433,0.2626,0.1987,0.1145,-1.3074509803921568,-1.3126356589147288,-0.8471206225680934,297,0
23,434,0.2692,0.2667,0.1462,-1.3383333333333334,-1.3874157303370787,-0.7885100286532951,390,0
23,435,0.2978,0.3229,0.2445,-1.0510545454545455,-1.5517832167832168,-1.1387878787878787,319,0
23,437,0.305,0.261,0.1604,-1.3413358778625954,-1.4761940298507463,-0.8821484375,318,0
23,438,0.2805,0.3122,0.2172,-0.8040886699507389,-1.4402884615384615,-0.996031746031746,221,0
23,439,0.2667,0.2367,0.2,-0.8729929577464789,-1.225190311418685,-0.98225,300,0
23,440,0.2749,0.4094,0.2398,-1.2118243243243243,-1.7391693290734824,-1.1823367697594502,342,0
23,441,0.4267,0.3886,0.1714,-1.6515975103734442,-1.6708961303462322,-0.8512262156448203,525,0
23,442,0.2471,0.2382,0.1941,-1.0279598662207359,-1.3518874172185429,-1.0042760942760942,340,0
23,443,0.3194,0.301,0.1414,-1.4086309523809524,-1.5983529411764703,-1.1122865853658537,382,0
23,444,0.1485,0.2277,0.1485,-1.2964383561643835,-1.5146575342465753,-1.101095890410959,101,0
23,445,0.174,0.2242,0.1563,-0.8069548872180451,-1.3055882352941177,-1.0739846743295018,339,0
23,446,0.1653,0.1488,0.1405,-1.2522619047619048,-1.3403571428571428,-0.8881481481481481,121,0
23,447,0.2741,0.2831,0.1928,-1.3431543624161073,-1.5766333333333333,-1.1266554054054054,332,0
23,448,0.3383,0.3114,0.2395,-1.353904109589041,-1.563538961038961,-1.1323776223776225,334,0
23,449,0.2696,0.2132,0.1379,-1.3371250000000001,-1.488467741935484,-0.9484255319148936,319,0
23,450,0.4426,0.4085,0.2,-1.6982038834951456,-2.018592233009709,-1.1747395833333334,235,0
23,451,0.1404,0.2632,0.2281,-0.9628260869565217,-1.545744680851064,-1.5391304347826087,57,0
23,452,0.2877,0.2507,0.1709,-1.2683387622149838,-1.523042071197411,-1.1041639344262295,351,0
23,453,0.3462,0.3077,0.145,-1.6196677740863787,-1.6041368078175897,-0.961158940397351,338,0
23,454,0.2871,0.2965,0.1388,-1.5163571428571427,-1.5946666666666667,-0.9690322580645162,317,0
23,455,0.1933,0.2677,0.145,-1.1958744394618834,-1.460308370044053,-1.1328888888888888,269,0
23,456,0.2,0.2721,0.1869,-1.1848484848484848,-1.5439700374531835,-1.2056015037593986,305,0
23,457,0.3439,0.3756,0.1719,-1.6958888888888888,-1.8003296703296705,-1.1786740331491712,221,0
23,458,0.2841,0.2263,0.0993,-1.3340100250626565,-1.2489603960396038,-0.6899746835443038,433,0
23,459,0.2699,0.2699,0.1626,-1.342639405204461,-1.5819927536231884,-1.1776951672862455,326,0
23,460,0.3705,0.3345,0.1799,-1.5217167381974248,-1.7012340425531915,-1.120905172413793,278,0
23,461,0.2167,0.2733,0.15,-1.2157196969696968,-1.5102264150943396,-1.1085057471264368,300,0
23,462,0.3508,0.2936,0.1456,-1.4166666666666667,-1.4975789473684211,-0.8569811320754717,419,0
23,463,0.2713,0.2632,0.1741,-1.4778688524590162,-1.5931720430107525,-1.0631868131868132,247,0
23,464,0.4547,0.3889,0.1687,-1.918596881959911,-1.7379203539823007,-0.8650888888888889,486,0
23,465,0.3214,0.3058,0.1451,-1.4489130434782609,-1.5193601895734596,-0.7127295285359802,448,0
23,466,0.2688,0.275,0.1562,-1.3055357142857142,-1.5534782608695652,-0.9420909090909091,160,0
23,467,0.341,0.4256,0.2256,-1.486950146627566,-1.8951675977653633,-1.108909657320872,390,0
23,867,0.1825,0.1679,0.0876,-1.6745901639344263,-1.635873015873016,-1.105967741935484,137,0
23,868,0.2544,0.2544,0.1995,-0.8952209944751381,-1.3258064516129031,-0.9904815864022662,401,0
24,468,0.3371,0.3057,0.18,-1.337360248447205,-1.459723926380368,-0.975031847133758,350,0
24,469,0.3293,0.3777,0.2179,-1.4569164265129684,-1.8867897727272727,-1.4195575221238939,413,0
24,470,0.4464,0.381,0.1815,-1.7698989898989899,-1.7711184210526314,-1.0184641638225256,336,0
24,471,0.2652,0.3652,0.2391,-1.2244607843137254,-1.7373039215686277,-1.3891089108910892,230,0
24,473,0.3207,0.384,0.2532,-1.52535,-1.8321782178217823,-1.3459895833333333,237,0
24,478,0.1647,0.241,0.1847,-0.4111453744493392,-1.1001716738197425,-0.9020873786407767,249,0
24,480,0.2892,0.257,0.1888,-1.1755714285714285,-1.2706392694063926,-0.7696116504854369,249,0
24,482,0.3322,0.4221,0.2491,-1.444767441860465,-1.8376029962546816,-1.2293307086614174,289,0
24,485,0.497,0.495,0.2394,-2.0429596412556053,-2.051865509761388,-1.02875,497,0
24,487,0.4508,0.5111,0.2159,-1.8280743243243243,-2.053779264214047,-1.2521453287197233,315,0
24,488,0.3508,0.3871,0.2016,-1.411400966183575,-1.8404285714285715,-1.0745876288659795,248,0
24,489,0.3602,0.5124,0.3571,-1.1328524590163933,-2.123495145631068,-1.7492114695340502,322,0
24,490,0.3487,0.4202,0.2521,-1.2723008849557522,-1.719342105263158,-1.1,238,0
24,491,0.3449,0.3354,0.231,-1.371571906354515,-1.6204697986577181,-1.1529109589041096,316,0
24,492,0.3281,0.3125,0.2422,-1.1867521367521368,-1.4911203319502075,-1.03625,256,0
24,493,0.3917,0.4917,0.325,-1.4966666666666668,-2.0324347826086955,-1.5315277777777778,240,0
24,848,0.3254,0.3254,0.1667,-1.4077489177489177,-1.563760683760684,-0.8389333333333333,252,0
24,849,0.4383,0.4506,0.2685,-1.6596666666666666,-1.9445602605863193,-1.2542666666666666,324,0
24,850,0.2941,0.3713,0.2574,-1.072172131147541,-1.6041434262948207,-1.2564705882352942,272,0
24,851,0.2796,0.2993,0.2237,-1.0900749063670412,-1.3671223021582735,-0.9659479553903345,304,0
24,852,0.429,0.4414,0.2346,-1.673816254416961,-2.0439792387543254,-1.0900763358778627,324,0
24,853,0.2589,0.3185,0.2083,-0.9788659793814434,-1.4008333333333334,-1.1005454545454545,336,0
24,854,0.3851,0.2804,0.1655,-1.6181923076923077,-1.4581454545454546,-0.649885496183206,296,0
24,855,0.2613,0.2838,0.2252,-0.8222641509433962,-1.3946976744186048,-0.9822842639593908,222,0
24,856,0.3319,0.2311,0.1429,-1.2133649289099526,-1.3020657276995304,-0.789040404040404,238,0
24,857,0.3223,0.3322,0.2492,-1.511556420233463,-1.6203474903474904,-1.079090909090909,301,0
24,858,0.4088,0.4676,0.2294,-1.3177215189873417,-1.9370588235294117,-1.1428571428571428,340,0
24,859,0.307,0.3131,0.2249,-1.0199671052631578,-1.392852564102564,-1.0192123287671233,329,0
24,860,0.4194,0.4859,0.3146,-1.560974212034384,-2.126100278551532,-1.5448036253776434,391,0
24,861,0.3542,0.3469,0.155,-1.5997540983606557,-1.4884860557768924,-0.7538429752066116,271,0
24,862,0.324,0.3771,0.2821,-0.9443209876543209,-1.7270426829268293,-1.2155743243243244,358,0
24,863,0.3544,0.3825,0.2386,-1.2530588235294118,-1.5521374045801528,-1.0485375494071145,285,0
24,864,0.3833,0.3792,0.1875,-1.7241964285714286,-1.5270434782608697,-0.6764125560538117,240,0
25,494,0.3186,0.2743,0.1504,-1.4269607843137255,-1.3525229357798165,-0.5710344827586207,226,0
25,495,0.2557,0.2831,0.2237,-1.0533333333333335,-1.523826530612245,-1.143858695652174,219,0
25,496,0.3743,0.38,0.1886,-1.6678864353312304,-1.7825,-1.0958359621451104,350,0
27,497,0.3912,0.5014,0.2479,-1.6262135922330097,-2.2225,-1.3034275618374558,363,0
27,498,0.3463,0.409,0.3313,-1.40864406779661,-2.0230847457627115,-1.6464685314685314,335,0
27,499,0.3004,0.318,0.2473,-1.3534854771784233,-1.6474193548387097,-1.311589958158996,283,0
27,500,0.4028,0.4417,0.2686,-1.493267716535433,-1.904736842105263,-1.244139344262295,283,0
27,501,0.2885,0.2885,0.2555,-0.7820183486238532,-1.2601190476190476,-0.9485987261146497,364,0
27,502,0.3232,0.3603,0.2727,-1.221123595505618,-1.5296703296703298,-1.0470384615384616,297,0
27,503,0.2711,0.3662,0.243,-1.1169201520912548,-1.6909558823529411,-1.3244140625,284,0
27,504,0.2488,0.2919,0.244,-0.7722564102564102,-1.4454822335025381,-1.0620994475138121,209,0
27,505,0.2387,0.3128,0.2798,-0.5352727272727272,-1.327938596491228,-1.0157575757575759,243,0
27,506,0.2899,0.3193,0.2437,-1.2614798206278026,-1.5953947368421053,-1.0129857819905215,238,0
27,507,0.3348,0.3433,0.2103,-1.3477725118483412,-1.4315909090909091,-0.7922549019607843,233,0
27,508,0.3191,0.3362,0.2681,-1.1467906976744187,-1.43695067264574,-0.9498564593301436,235,0
27,509,0.3252,0.4272,0.3155,-1.0091573033707866,-1.9028947368421054,-1.2914285714285714,206,0
27,510,0.3386,0.3661,0.2402,-1.3284279475982532,-1.6028813559322035,-1.0742105263157895,254,0
27,511,0.3208,0.3208,0.1698,-1.2219163763066203,-1.5597923875432524,-1.0502158273381295,318,0
27,512,0.3431,0.3607,0.2258,-1.267411003236246,-1.6911783439490444,-1.2041750841750842,341,0
27,513,0.294,0.3317,0.1734,-1.592861736334405,-1.6846984126984126,-1.1173376623376623,398,0
27,514,0.3057,0.3153,0.1688,-1.3988537549407116,-1.7147081712062258,-1.224430894308943,314,0
27,515,0.2725,0.3511,0.2022,-1.2375618374558304,-1.6833788395904437,-1.2510256410256408,356,0
27,516,0.3754,0.4047,0.2375,-1.552425249169435,-1.8389902280130295,-1.3478716216216216,341,0
27,518,0.2281,0.1667,0.1228,-1.2797222222222222,-1.2251351351351352,-0.5568055555555556,114,0
27,519,0.2258,0.25,0.1935,-0.751826923076923,-1.0821100917431192,-0.7423809523809524,124,0
27,520,0.3243,0.2973,0.1712,-1.358883495145631,-1.3651196172248803,-0.8984878048780488,222,0
27,521,0.2723,0.2812,0.2277,-1.2593908629441624,-1.5341999999999998,-1.1527551020408162,224,0
27,522,0.3113,0.3852,0.2179,-1.1630962343096236,-1.6622727272727271,-1.1992035398230088,257,0
27,523,0.3477,0.3245,0.2318,-1.2629411764705882,-1.6384291187739464,-1.2083870967741936,302,0
27,524,0.4,0.3288,0.1627,-1.652527881040892,-1.525583038869258,-0.6417110266159696,295,0
27,525,0.3615,0.3209,0.1554,-1.4206690140845069,-1.5769337979094076,-0.9735636363636364,296,0
27,526,0.3333,0.3068,0.2124,-1.275583596214511,-1.5364086687306502,-1.0411912225705329,339,0
27,527,0.1864,0.2627,0.178,-0.983,-1.3187610619469028,-0.9418224299065421,236,0
27,528,0.2938,0.275,0.2125,-1.1111347517730497,-1.5225,-1.0866187050359712,160,0
27,529,0.2774,0.3066,0.2555,-1.15416,-1.3514503816793892,-0.98776,137,0
27,530,0.2881,0.3086,0.1605,-1.3892344497607656,-1.447695852534562,-0.8738461538461538,243,0
27,531,0.2901,0.2443,0.1527,-1.275,-1.2809583333333334,-0.7169767441860465,262,0
27,869,0.3206,0.3684,0.2153,-1.1102051282051282,-1.5049748743718594,-0.7960989010989011,209,0
27,870,0.3317,0.2488,0.1463,-1.41301775147929,-1.416860465116279,-0.7917964071856287,205,0
28,542,0.1543,0.1771,0.1486,-0.8845323741007195,-1.1679591836734693,-0.8235766423357664,175,0
28,543,0.2896,0.2579,0.1493,-1.4543333333333333,-1.466629213483146,-0.8323863636363636,221,0
28,544,0.2563,0.2764,0.1608,-1.0156962025316456,-1.2740490797546011,-0.9969281045751635,199,0
28,545,0.1925,0.1925,0.107,-1.193680981595092,-1.2124242424242424,-0.73527950310559,187,0
28,546,0.2857,0.2092,0.1071,-1.2925414364640884,-1.1931147540983607,-0.5254237288135594,196,0
28,547,0.2635,0.1976,0.1257,-1.0784246575342464,-1.0914093959731543,-0.6870344827586207,167,0
28,548,0.1952,0.2333,0.1524,-1.1114367816091952,-1.244,-0.7146198830409357,210,0
28,549,0.1988,0.2229,0.0723,-1.2601398601398601,-1.2355555555555555,-0.7242957746478873,166,0
28,550,0.2678,0.2552,0.1464,-1.2593981481481482,-1.4351376146788992,-0.9959345794392523,239,0
28,551,0.3116,0.2355,0.1304,-1.51596,-1.4090438247011954,-0.7766666666666666,276,0
28,552,0.4572,0.4243,0.1447,-1.9712318840579708,-1.9554642857142857,-1.085404411764706,304,0
28,553,0.3197,0.373,0.1803,-1.4735840707964603,-1.611850220264317,-1.0293805309734514,244,0
28,554,0.253,0.253,0.1325,-1.3213698630136985,-1.507882882882883,-1.0308675799086757,249,0
29,555,0.2825,0.3324,0.1911,-1.1728888888888889,-1.6330061349693252,-1.0308813559322034,361,0
29,556,0.4483,0.4013,0.1536,-1.7156756756756757,-1.7762541806020067,-0.9852559726962458,319,0
29,557,0.3836,0.3299,0.1253,-1.8021100917431192,-1.6818618618618617,-0.8865749235474005,391,0
29,558,0.3162,0.3393,0.1851,-1.047492537313433,-1.4687675070028012,-1.002012578616352,389,0
29,559,0.34,0.36,0.1867,-1.3871315789473684,-1.7812658227848102,-1.06875,450,0
29,560,0.4141,0.3972,0.1915,-1.9273267326732675,-1.9276143790849674,-1.106843853820598,355,0
29,561,0.4179,0.3731,0.1552,-1.7067213114754096,-1.8424104234527687,-1.0904318936877075,335,0
29,562,0.4015,0.3784,0.1506,-1.7176293103448277,-1.8536974789915968,-0.9153811659192825,259,0
29,563,0.2627,0.2995,0.1982,-1.1006666666666667,-1.4431182795698925,-1.143314606741573,217,0
29,564,0.2295,0.2663,0.1275,-1.3731111111111112,-1.5846014492753624,-1.0435471698113208,353,0
29,565,0.3225,0.3297,0.2029,-1.0364876033057853,-1.541829268292683,-1.3420253164556961,276,0
29,566,0.3137,0.2902,0.149,-1.2113004484304932,-1.4571875,-0.8615492957746479,255,0
29,567,0.3047,0.2652,0.1434,-1.4719090909090908,-1.5416517857142857,-0.9130414746543779,279,0
29,568,0.2698,0.3214,0.1905,-0.7840259740259741,-1.4602542372881355,-0.8429383886255923,252,0
29,569,0.197,0.1932,0.1591,-0.5931623931623932,-1.01325,-0.7885470085470085,264,0
29,570,0.2258,0.2258,0.1935,-0.819344262295082,-1.1827411167512691,-0.8710112359550561,217,0
29,571,0.3671,0.2447,0.097,-1.5771495327102802,-1.2972018348623855,-0.4344131455399061,237,0
29,572,0.2099,0.1934,0.1215,-1.1267500000000001,-1.21248,-0.7100833333333334,181,0
29,573,0.2201,0.1509,0.1069,-0.7463970588235295,-0.9952447552447552,-0.7383211678832117,159,0
29,574,0.2284,0.2081,0.1269,-0.9223976608187134,-1.276609195402299,-0.826,197,0
29,575,0.1966,0.2051,0.2265,-0.5726701570680628,-1.1785567010309277,-0.9815730337078652,234,0
29,576,0.2683,0.2195,0.1748,-1.0431336405529954,-1.2348214285714287,-0.732122641509434,246,0
29,577,0.2314,0.2576,0.1354,-0.9763636363636363,-1.428139534883721,-0.7734895833333333,229,0
29,578,0.275,0.245,0.14,-1.1215606936416185,-1.4057062146892656,-0.830670731707317,200,0
29,579,0.2918,0.3192,0.207,-0.8675375375375375,-1.4012078651685393,-1.111358024691358,401,0
29,580,0.5054,0.409,0.1649,-1.9458752997601918,-1.938938679245283,-0.9558663366336634,467,0
29,581,0.2765,0.1515,0.1439,-1.1829166666666666,-1.0786122448979591,-0.6051091703056768,264,0
29,582,0.2727,0.2249,0.1388,-1.2322222222222223,-1.2425531914893617,-0.6398863636363636,209,0
29,583,0.3393,0.2277,0.1384,-1.288020304568528,-1.1401913875598086,-0.5436683417085427,224,0
29,584,0.1411,0.1779,0.1656,-0.6754285714285715,-1.0683098591549296,-0.8516666666666667,163,0
30,585,0.2228,0.2277,0.1535,-1.025745856353591,-1.3433152173913043,-0.9264044943820225,202,0
30,586,0.2695,0.1976,0.1916,-0.9624528301886792,-1.19875,-0.8917721518987343,167,0
31,587,0.2826,0.2536,0.163,-1.1117529880478088,-1.16751968503937,-0.4620600858369099,276,0
32,588,0.2397,0.2089,0.1199,-0.9808540925266904,-1.1097887323943663,-0.6852014652014652,292,0
32,589,0.1752,0.1642,0.1168,-0.7943373493975904,-1.0769047619047618,-0.6728085106382979,274,0
32,590,0.2974,0.2154,0.1641,-1.1554054054054055,-1.164840425531915,-0.6097837837837838,195,0
32,591,0.213,0.1806,0.1343,-1.1779326923076923,-1.0319718309859156,-0.4365217391304348,216,0
32,592,0.2643,0.1911,0.1529,-1.1231135531135532,-1.1710992907801419,-0.7433333333333333,314,0
32,593,0.2701,0.2512,0.1896,-1.0659183673469388,-1.3912121212121211,-0.9793157894736841,211,0
32,594,0.2081,0.1611,0.0872,-1.191294964028777,-1.12294964028777,-0.5418382352941177,149,0
32,595,0.2035,0.1802,0.1628,-0.9583544303797468,-1.0572955974842768,-0.6025974025974026,172,0
32,596,0.2337,0.2228,0.1304,-1.115287356321839,-1.1016091954022988,-0.5294117647058824,184,0
32,597,0.2128,0.1631,0.078,-0.9871875,-0.9535606060606061,-0.5467460317460318,141,0
32,598,0.1918,0.1918,0.137,-0.8597101449275363,-1.0616546762589927,-0.7293430656934307,146,0
32,599,0.2087,0.1043,0.1043,-1.05125,-0.8907619047619048,-0.48647619047619045,115,0
32,600,0.1321,0.1635,0.1887,-0.3641666666666667,-0.7140131578947368,-0.5643971631205673,159,0
32,601,0.1627,0.1325,0.1506,-0.49818181818181817,-0.9537837837837838,-0.8717021276595744,166,0
33,602,0.1697,0.1835,0.1468,-0.9991623036649215,-1.0994871794871794,-0.7138743455497382,218,0
33,603,0.1746,0.1746,0.1429,-0.8720192307692307,-1.0846788990825689,-0.636,126,0
33,604,0.1908,0.185,0.1329,-0.9723026315789474,-1.1368589743589743,-0.7691275167785234,173,0
33,605,0.2587,0.1776,0.1158,-1.1192,-1.1121739130434782,-0.5624336283185841,259,0
33,606,0.2821,0.2308,0.1436,-1.2889617486338798,-1.2368852459016393,-0.7418232044198896,195,0
33,607,0.2264,0.184,0.1085,-1.1139896373056994,-1.1938860103626943,-0.7774611398963731,212,0
33,608,0.2264,0.2013,0.0943,-1.244931506849315,-1.2089261744966442,-0.41880281690140847,159,0
33,609,0.2281,0.1345,0.0936,-0.8723376623376624,-0.8084713375796178,-0.43284768211920527,171,0
33,610,0.1875,0.1307,0.108,-0.9426451612903227,-1.0496178343949043,-0.5649673202614379,176,0
33,611,0.2422,0.1988,0.1615,-1.0893959731543623,-1.0220915032679738,-0.5016556291390728,161,0
33,612,0.2595,0.2734,0.1799,-1.0018518518518518,-1.3162589928057555,-0.8307843137254902,289,0
33,613,0.2966,0.3103,0.1517,-1.37015503875969,-1.4195348837209303,-0.9842741935483871,145,0
33,614,0.2537,0.2488,0.1692,-0.90125,-1.2954395604395605,-0.8989534883720931,201,0
33,615,0.2588,0.1941,0.1353,-1.2202,-1.2583552631578947,-0.7516107382550337,170,0
33,616,0.2429,0.1905,0.1333,-1.2448469387755103,-1.1876649746192893,-0.6591709844559586,210,0
33,617,0.2018,0.1754,0.1272,-0.9536492890995261,-1.0693427230046948,-0.7093658536585365,228,0
33,618,0.2936,0.2248,0.1284,-1.3156038647342994,-1.3188038277511962,-0.7668599033816426,218,0
33,619,0.1734,0.2023,0.1676,-0.9419745222929935,-1.2415527950310559,-0.8939354838709678,173,0
33,620,0.1724,0.1839,0.069,-1.0699290780141846,-1.1852380952380952,-0.48182481751824824,174,0
33,621,0.2795,0.2205,0.0945,-1.2413362068965517,-1.3091949152542375,-0.8026548672566372,254,0
33,622,0.2522,0.2609,0.2087,-1.0655299539170506,-1.2731674208144796,-0.8423584905660376,230,0
33,623,0.3019,0.2123,0.0896,-1.1331683168316833,-1.0735323383084576,-0.5221761658031088,212,0
33,624,0.1879,0.1815,0.1401,-0.8546179401993356,-1.02875,-0.7202006688963211,314,0
33,625,0.2577,0.2216,0.1289,-1.1159217877094971,-1.0780748663101605,-0.531264367816092,194,0
33,626,0.2536,0.2101,0.1522,-0.9957976653696498,-1.1821428571428572,-0.6601639344262294,276,0
33,627,0.1878,0.1878,0.1547,-0.7816568047337278,-1.006094674556213,-0.49635220125786167,181,0
33,628,0.267,0.199,0.0995,-1.3360115606936416,-1.1514772727272726,-0.5355813953488372,191,0
33,629,0.1436,0.1277,0.0957,-0.8425149700598802,-0.8476923076923076,-0.5125,188,0
33,630,0.2594,0.2218,0.1339,-1.261346153846154,-1.1381735159817352,-0.47144927536231884,239,0
33,631,0.2615,0.1654,0.0885,-1.2745217391304346,-0.9732067510548523,-0.17464912280701755,260,0
33,632,0.1975,0.1656,0.0637,-0.824776119402985,-0.8597101449275363,-0.5137777777777778,157,0
33,633,0.2014,0.1875,0.1111,-0.6040151515151515,-0.9908823529411764,-0.50944,144,0
34,634,0.2298,0.166,0.0979,-1.1746976744186046,-0.9428571428571428,-0.4031219512195122,235,0
34,635,0.1591,0.1136,0.1023,-0.8629813664596273,-0.7955487804878049,-0.4431055900621118,176,0
34,636,0.4684,0.3101,0.0696,-1.7185161290322581,-1.5244516129032257,-0.6033112582781457,158,0
34,637,0.2437,0.1827,0.1472,-1.0912154696132597,-1.0866129032258065,-0.6296721311475411,197,0
35,638,0.1801,0.2236,0.1304,-0.6761363636363636,-1.3277536231884057,-0.63712,161,0
35,639,0.287,0.4435,0.2435,-1.1448181818181817,-1.7869026548672566,-1.1802884615384615,115,0
35,640,0.2054,0.1676,0.1189,-1.0690643274853802,-0.7944252873563218,-0.4116666666666666,185,0
36,883,0.3846,0.4391,0.2372,-1.6502238805970149,-1.9957195571955721,-1.27644,312,0
36,884,0.2648,0.242,0.1918,-0.77825,-1.284158415841584,-0.94,219,0
36,885,0.202,0.1263,0.101,-1.1427419354838708,-1.103,-0.5925409836065574,198,0
36,886,0.2573,0.3029,0.1369,-0.67,-1.412962962962963,-0.860561797752809,241,0
36,887,0.2864,0.2767,0.1893,-1.1136046511627906,-1.3346666666666667,-0.8602424242424243,206,0
36,888,0.2893,0.3401,0.2792,-0.8413636363636363,-1.6765934065934065,-1.4020588235294118,197,0
36,889,0.4377,0.3769,0.152,-1.9629929577464789,-1.8635494880546075,-0.9122299651567944,329,0
36,890,0.2766,0.3759,0.2411,-0.6709130434782609,-1.7247540983606557,-1.3815865384615384,282,0
36,891,0.2589,0.2335,0.1117,-1.166060606060606,-1.3101734104046243,-0.7562264150943396,197,0
36,892,0.1947,0.2474,0.2368,-0.7733526011560693,-1.2534463276836156,-1.053313953488372,190,0
36,893,0.318,0.3594,0.2903,-1.1686263736263736,-1.7486631016042782,-1.4754494382022472,217,0
36,894,0.2704,0.2398,0.1633,-1.1019277108433734,-1.2591379310344828,-0.6476582278481012,196,0
36,895,0.3821,0.3075,0.1642,-1.5310855263157894,-1.5517252396166135,-0.9195364238410596,335,0
36,896,0.235,0.25,0.175,-1.0337853107344632,-1.2125274725274726,-0.8385542168674698,200,0
36,897,0.2982,0.367,0.1743,-1.4034444444444445,-1.7507407407407407,-1.3172881355932202,218,0
36,898,0.2236,0.1603,0.0844,-1.086141304347826,-1.1228491620111731,-0.692752808988764,237,0
36,899,0.3162,0.2964,0.2569,-1.3440265486725664,-1.4985531914893617,-1.1601731601731602,253,0
36,900,0.2857,0.2646,0.2381,-0.9919879518072289,-1.5327058823529411,-1.2551592356687897,189,0
36,901,0.268,0.296,0.148,-1.2939336492890994,-1.6139999999999999,-1.0510679611650486,250,0
36,902,0.2614,0.3371,0.2273,-1.3564757709251103,-1.6207327586206897,-1.1950442477876106,264,0
36,903,0.2439,0.2805,0.2256,-0.8932432432432431,-1.5112582781456954,-1.216764705882353,164,0
36,904,0.1951,0.2358,0.1626,-0.842654028436019,-1.4187962962962961,-1.174264705882353,246,0
36,905,0.2988,0.2407,0.112,-1.3214871794871794,-1.3792039800995024,-0.6199470899470899,241,0
36,906,0.2562,0.2776,0.1922,-1.1191150442477875,-1.4516593886462883,-1.096816143497758,281,0
36,907,0.2284,0.2371,0.1509,-1.1648888888888889,-1.3672432432432433,-1.0220689655172415,232,0
36,908,0.2455,0.2635,0.2275,-1.027986111111111,-1.326778523489933,-1.1124305555555556,167,0
36,909,0.2361,0.282,0.141,-1.1689285714285713,-1.6014529914529916,-1.1804587155963304,305,0
36,910,0.35,0.3038,0.1269,-1.5505726872246697,-1.5396995708154506,-0.6793607305936074,260,0
36,911,0.3298,0.3665,0.1675,-1.4393023255813953,-1.7119662921348315,-0.9803636363636363,191,0
36,912,0.2658,0.3333,0.2387,-0.9866326530612245,-1.643913043478261,-1.1405434782608697,222,0
36,913,0.3513,0.2545,0.0896,-1.5183529411764707,-1.3356201550387596,-0.49896825396825395,279,0
37,3,0.2132,0.1744,0.1434,-0.5041921397379913,-0.5742040816326531,-0.20790178571428572,258,0
37,4,0.3395,0.2103,0.1624,-1.0698814229249012,-0.9744615384615385,-0.3132921810699588,271,0
